n_samples,method,replication,f1,ate_error,runtime
100,QMI-CFS,0,0.7272727272727272,0.5789132533808474,2.651065699988976
100,MI,0,0.8000000000000002,0.35108824491021684,0.0400177999981679
100,CMI,0,0.6,0.7902958234010438,0.027056200022343546
100,LASSO,0,0.5263157894736842,0.40063563322602924,0.14185660000657663
100,Boruta,0,0.7499999999999999,0.5044213269493603,26.39079999999376
100,RF,0,0.5714285714285715,0.7479182495977086,1.4101749999681488
100,All-Features,0,0.5,0.3955344327690544,0.00782590004382655
100,QMI-CFS,1,0.4000000000000001,1.0731866677238928,2.2669716000091285
100,MI,1,0.6,1.018147132071546,0.03851899999426678
100,CMI,1,0.6,1.1371468111816085,0.030678799957968295
100,LASSO,1,0.5555555555555556,0.2599203631872573,0.1901293999981135
100,Boruta,1,0.5,0.9962030733062703,20.90107199997874
100,RF,1,0.5714285714285715,1.0579469619229878,1.3724609999917448
100,All-Features,1,0.5,0.28481905475431146,0.00469959998736158
100,QMI-CFS,2,0.3333333333333333,0.8881557158022391,2.248954300011974
100,MI,2,0.20000000000000004,0.9110438834715233,0.039601200027391315
100,CMI,2,0.6,0.1988848263029337,0.03384260000893846
100,LASSO,2,0.5,0.26967313001500237,0.14312510000308976
100,Boruta,2,0.33333333333333337,0.8022260710003821,29.223133500025142
100,RF,2,0.5714285714285715,0.4949020642893469,1.1145948999910615
100,All-Features,2,0.5,0.26967313001500237,0.006203899974934757
100,QMI-CFS,3,0.8000000000000002,0.213456791743452,2.3122234999900684
100,MI,3,0.6,0.16527822457637686,0.04142879997380078
100,CMI,3,0.4000000000000001,0.6167052445226746,0.026930199994239956
100,LASSO,3,0.5,0.13205572230134965,0.15623439999762923
100,Boruta,3,0.7499999999999999,0.16801266306167806,40.32435420004185
100,RF,3,0.5714285714285715,0.5595059192899536,1.6676876000128686
100,All-Features,3,0.5,0.13205572230134965,0.008124100044369698
100,QMI-CFS,4,0.3333333333333333,0.1519670284889738,2.9769281999906525
100,MI,4,0.4000000000000001,0.059854017387222624,0.053894200013019145
100,CMI,4,0.8000000000000002,0.3566862705031857,0.04149800003506243
100,LASSO,4,0.5263157894736842,0.29282776234144015,0.22038239997345954
100,Boruta,4,0.0,0.7474120141767782,40.34816650004359
100,RF,4,0.5714285714285715,0.05830159182081496,1.295131599996239
100,All-Features,4,0.5,0.28601558056105425,0.008054399979300797
100,QMI-CFS,5,0.5,0.07953950195836201,3.012514400004875
100,MI,5,0.4000000000000001,0.1817454153146416,0.06828569999197498
100,CMI,5,0.6,0.6099722731798618,0.06812060001539066
100,LASSO,5,0.5263157894736842,0.37985926798826575,0.21425560000352561
100,Boruta,5,0.7499999999999999,0.03865211122375145,35.90068469999824
100,RF,5,0.5714285714285715,0.36170706569998146,1.2309868999873288
100,All-Features,5,0.5,0.39800775309302083,0.004551299964077771
100,QMI-CFS,6,0.5454545454545454,0.4353510492445949,2.2962197000160813
100,MI,6,0.4000000000000001,0.630767122692069,0.03903309995075688
100,CMI,6,0.8000000000000002,0.2618743277314888,0.033929299970623106
100,LASSO,6,0.5263157894736842,0.01962962849524219,0.1376589999999851
100,Boruta,6,0.5714285714285715,0.6926894515656032,31.58712550002383
100,RF,6,0.5714285714285715,0.801005298218755,0.9939009999507107
100,All-Features,6,0.5,0.042529220327216066,0.003279700002167374
100,QMI-CFS,7,0.4000000000000001,0.7472893785034587,2.2264468000503257
100,MI,7,0.20000000000000004,0.8247260959959788,0.04064009996363893
100,CMI,7,0.8000000000000002,0.4338308123668857,0.03401179995853454
100,LASSO,7,0.5263157894736842,0.2735838295171673,0.14879269996890798
100,Boruta,7,0.5714285714285715,0.48745356028434195,18.457781999954022
100,RF,7,0.5714285714285715,0.48745356028434195,1.2246126999962144
100,All-Features,7,0.5,0.29178527789061803,0.005799699982162565
100,QMI-CFS,8,0.6666666666666666,0.09819251922573469,2.261407500016503
100,MI,8,0.8000000000000002,0.02174864708315316,0.039955400046892464
100,CMI,8,0.6,0.9018151546463686,0.03644110000459477
100,LASSO,8,0.5,0.42465514946680494,0.15381089999573305
100,Boruta,8,0.6666666666666665,0.7362287126707723,30.413028199982364
100,RF,8,0.5714285714285715,1.2958452114076913,1.4380992000224069
100,All-Features,8,0.5,0.42465514946680494,0.00511299999197945
100,QMI-CFS,9,0.3636363636363636,0.8158048121279702,2.2139519000193104
100,MI,9,0.6,0.4808550052442433,0.04284909996204078
100,CMI,9,0.6,0.5960244008091582,0.029059800028335303
100,LASSO,9,0.5,0.30415650117491344,0.15429049998056144
100,Boruta,9,0.5714285714285715,0.7377020588107213,24.71494039997924
100,RF,9,0.5714285714285715,0.7377020588107213,1.0150336000369862
100,All-Features,9,0.5,0.30415650117491344,0.0035739000304602087
100,QMI-CFS,10,0.3636363636363636,1.3417735716298393,2.269868300005328
100,MI,10,0.4000000000000001,1.4239536925914718,0.03973040002165362
100,CMI,10,0.6,1.0369221717470047,0.031210799992550164
100,LASSO,10,0.5882352941176471,0.24131147937294362,0.1266491999849677
100,Boruta,10,0.5714285714285715,1.3212788575994976,28.196940699999686
100,RF,10,0.5714285714285715,0.9679866304584039,1.076357200043276
100,All-Features,10,0.5,0.2636809807335827,0.003341600007843226
100,QMI-CFS,11,0.7272727272727272,0.5730138225005401,2.207908699987456
100,MI,11,0.6,0.9784968604367221,0.03871170000638813
100,CMI,11,0.6,0.9335112955523535,0.027305099996738136
100,LASSO,11,0.5,0.32740813755426457,0.12741220003226772
100,Boruta,11,0.8000000000000002,0.5428556981829709,14.016768099972978
100,RF,11,0.5714285714285715,1.397736083502914,1.0843583999667317
100,All-Features,11,0.5,0.32740813755426457,0.004491399973630905
100,QMI-CFS,12,0.3333333333333333,0.981000956457962,2.2392594999982975
100,MI,12,0.20000000000000004,1.4640779472863206,0.04557429999113083
100,CMI,12,0.20000000000000004,1.3448563040638883,0.03270979999797419
100,LASSO,12,0.5,0.14555140521787813,0.1382276999647729
100,Boruta,12,0.33333333333333337,1.1600558168113109,26.743547300051432
100,RF,12,0.5714285714285715,0.7491770141516412,1.422477499989327
100,All-Features,12,0.5,0.14555140521787813,0.004842299968004227
100,QMI-CFS,13,0.20000000000000004,1.8812606997788852,2.2422055000206456
100,MI,13,0.0,1.7408973470634548,0.03823770000599325
100,CMI,13,0.6,1.1522542283239545,0.02618430001894012
100,LASSO,13,0.5882352941176471,0.4733947696376628,0.13417410000693053
100,Boruta,13,0.5,0.8524386156107773,10.721010800043587
100,RF,13,0.5714285714285715,0.9636311088408842,1.0089066000073217
100,All-Features,13,0.5,0.623439350809265,0.0030372999608516693
100,QMI-CFS,14,0.4000000000000001,0.6370028969974242,2.224434600037057
100,MI,14,0.4000000000000001,1.084466330945737,0.03966499998932704
100,CMI,14,0.4000000000000001,1.156219527736086,0.026530100032687187
100,LASSO,14,0.5263157894736842,0.09307334213707463,0.15232100000139326
100,Boruta,14,0.5,0.8712089130221687,20.751728900009766
100,RF,14,0.5714285714285715,1.0760272478852606,2.1617013000068255
100,All-Features,14,0.5,0.07055117018812984,0.007361500000115484
100,QMI-CFS,15,0.4444444444444445,1.0646841392203839,2.949875799997244
100,MI,15,0.6,0.7897602340071641,0.03388469998026267
100,CMI,15,0.4000000000000001,1.2305946174549818,0.01946839998709038
100,LASSO,15,0.5,0.34908523824355875,0.09598589997040108
100,Boruta,15,0.5,1.0490234599437862,32.80114799999865
100,RF,15,0.5714285714285715,0.867710923145415,1.1656278999871574
100,All-Features,15,0.5,0.34908523824355875,0.003837500000372529
100,QMI-CFS,16,0.3636363636363636,0.8305217434257033,2.2957969999988563
100,MI,16,0.4000000000000001,0.37559063476870014,0.03922500001499429
100,CMI,16,0.6,0.8020695253775982,0.026561600039713085
100,LASSO,16,0.5,0.0985123440518958,0.13304990000324324
100,Boruta,16,0.33333333333333337,0.7408615553968065,19.92486980004469
100,RF,16,0.5714285714285715,0.48031539034255655,1.0823376999469474
100,All-Features,16,0.5,0.0985123440518958,0.0035646999604068696
100,QMI-CFS,17,0.6666666666666665,1.063111997134269,2.2653030999936163
100,MI,17,0.6,1.0695999497104283,0.040196799964178354
100,CMI,17,0.4000000000000001,1.8755699776089023,0.0307281999848783
100,LASSO,17,0.5263157894736842,0.0587170759486515,0.16007359995273873
100,Boruta,17,0.7499999999999999,1.0610127520635113,29.169757499999832
100,RF,17,0.5714285714285715,1.5413405922881016,1.0496137000154704
100,All-Features,17,0.5,0.05782849239344423,0.006362499960232526
100,QMI-CFS,18,0.6153846153846154,0.0831307573504716,2.2774033000459895
100,MI,18,0.6,0.19063284566063254,0.04641720000654459
100,CMI,18,0.8000000000000002,0.012879648395733634,0.04099919996224344
100,LASSO,18,0.5,0.20706630178519814,0.13617000001249835
100,Boruta,18,0.5,0.24956804117978848,27.811326200026087
100,RF,18,0.5714285714285715,0.32739145015980897,1.0500285999733023
100,All-Features,18,0.5,0.20706630178519814,0.003327100013848394
100,QMI-CFS,19,0.6666666666666666,0.1284322258663737,2.2389849000028335
100,MI,19,0.6,0.29338584603166273,0.03872479998972267
100,CMI,19,0.6,0.7689605581086196,0.02692370000295341
100,LASSO,19,0.5263157894736842,0.04962671173271094,0.14056269999127835
100,Boruta,19,0.7499999999999999,0.363620987556061,30.297206400020514
100,RF,19,0.5714285714285715,0.6042878787431971,1.1237765999976546
100,All-Features,19,0.5,0.04897010050051831,0.00386110000545159
100,QMI-CFS,20,0.3076923076923077,0.7392193678038272,2.231512299971655
100,MI,20,0.6,0.2212969848127786,0.043653500033542514
100,CMI,20,0.4000000000000001,0.4196331104207518,0.03530679998220876
100,LASSO,20,0.5263157894736842,0.5725724767622202,0.13744570000562817
100,Boruta,20,0.7499999999999999,0.20635201172098672,31.745911500009242
100,RF,20,0.5714285714285715,0.3969376663345887,1.4050101999891922
100,All-Features,20,0.5,0.5614662456834338,0.005578399985097349
100,QMI-CFS,21,0.3636363636363636,0.3365336483672765,2.3872728999704123
100,MI,21,0.4000000000000001,0.9966127803191034,0.04749569995328784
100,CMI,21,0.20000000000000004,1.7540624105081948,0.028958199953194708
100,LASSO,21,0.5882352941176471,0.5945497526090866,0.1489200000069104
100,Boruta,21,0.4444444444444445,0.6419647789824676,36.46423450001748
100,RF,21,0.5714285714285715,0.42282850301122865,1.1489520000177436
100,All-Features,21,0.5,0.5758878751246133,0.004331599979195744
100,QMI-CFS,22,0.4000000000000001,0.9425101495444141,2.2938340000109747
100,MI,22,0.4000000000000001,1.10354602472722,0.05567850003717467
100,CMI,22,0.4000000000000001,1.2329071553147508,0.026659400027710944
100,LASSO,22,0.5,0.12525647400822293,0.1514222000259906
100,Boruta,22,0.7499999999999999,0.6016640587163584,31.978700200037565
100,RF,22,0.5714285714285715,1.0148775212842263,1.0314073000336066
100,All-Features,22,0.5,0.12525647400822293,0.004072199983056635
100,QMI-CFS,23,0.6666666666666666,0.18986204342033686,2.269120800017845
100,MI,23,0.4000000000000001,0.8476044085829586,0.03810569999041036
100,CMI,23,0.4000000000000001,1.3365117581523567,0.03510320000350475
100,LASSO,23,0.5,0.14553387277183627,0.14998019998893142
100,Boruta,23,0.5714285714285715,0.8006396156893976,20.117550799972378
100,RF,23,0.5714285714285715,0.8006396156893976,1.2643212999682873
100,All-Features,23,0.5,0.14553387277183627,0.003556200012098998
100,QMI-CFS,24,0.3636363636363636,0.7304464603065655,2.2441141000017524
100,MI,24,0.6,0.4978007827112392,0.043119899986777455
100,CMI,24,0.4000000000000001,0.6880658114736229,0.034655400027986616
100,LASSO,24,0.5,0.20742407938108576,0.14400349999777973
100,Boruta,24,0.0,1.0256815658187541,29.5278862999985
100,RF,24,0.5714285714285715,0.4354109381362745,1.1909669000306167
100,All-Features,24,0.5,0.20742407938108576,0.003444799978751689
100,QMI-CFS,25,0.4000000000000001,0.6492261165423061,2.3051031000213698
100,MI,25,0.4000000000000001,0.752636797041601,0.042338799976278096
100,CMI,25,0.20000000000000004,1.1463066558499868,0.02658579999115318
100,LASSO,25,0.5263157894736842,0.15957896996379795,0.1282832000288181
100,Boruta,25,0.33333333333333337,0.9020147749486016,11.250028899987228
100,RF,25,0.5714285714285715,0.6097011735134168,1.0034816000261344
100,All-Features,25,0.5,0.17696797797268893,0.004413000016938895
100,QMI-CFS,26,0.20000000000000004,0.8792416059309698,3.120595099986531
100,MI,26,0.4000000000000001,0.4655539874097592,0.052984600013587624
100,CMI,26,0.8000000000000002,0.13968001281721243,0.031074099999386817
100,LASSO,26,0.5555555555555556,0.16211664193168795,0.14206739998189732
100,Boruta,26,0.5714285714285715,0.5438641129827593,28.461301899980754
100,RF,26,0.5714285714285715,0.4647148731534214,1.1553095999988727
100,All-Features,26,0.5,0.17623692813611735,0.003329700033646077
100,QMI-CFS,27,0.5454545454545454,0.46915972848992515,2.4745268000406213
100,MI,27,0.6,0.6155707905165593,0.0378222000435926
100,CMI,27,0.4000000000000001,1.0025226392094608,0.02792660001432523
100,LASSO,27,0.5263157894736842,0.4442466629004256,0.15862970001762733
100,Boruta,27,0.6666666666666665,0.60682406337301,30.62155730003724
100,RF,27,0.5714285714285715,1.1195217794488657,1.1632600000011735
100,All-Features,27,0.5,0.42271164287388086,0.0035593999782577157
100,QMI-CFS,28,0.4000000000000001,0.4950387271692862,2.4577739000087604
100,MI,28,0.4000000000000001,0.4996440201320551,0.038338800019118935
100,CMI,28,0.6,0.5524369840975938,0.027348200033884495
100,LASSO,28,0.5,0.1540176272752023,0.18117130000609905
100,Boruta,28,0.33333333333333337,0.24896491848384272,19.346812900039367
100,RF,28,0.5714285714285715,0.02115452273911078,1.1281473999843001
100,All-Features,28,0.5,0.1540176272752023,0.0035779000027105212
100,QMI-CFS,29,0.3076923076923077,1.335422642868747,2.450289200001862
100,MI,29,0.4000000000000001,0.943808913925634,0.037893000000622123
100,CMI,29,0.8000000000000002,0.5746102724702018,0.028745700023137033
100,LASSO,29,0.5,0.1749643433535506,0.13659489998826757
100,Boruta,29,0.33333333333333337,1.4395217805971585,17.766017800022382
100,RF,29,0.5714285714285715,0.9969700379077566,1.2064599999575876
100,All-Features,29,0.5,0.1749643433535506,0.004610500007402152
100,QMI-CFS,30,0.6,0.7327683489890755,2.4291817999910563
100,MI,30,0.6,0.7742120663697891,0.037298700015526265
100,CMI,30,0.6,0.74769708668408,0.031545499979984015
100,LASSO,30,0.625,0.08588057956592698,0.17008429998531938
100,Boruta,30,0.5714285714285715,0.8948542244561231,31.865315400005784
100,RF,30,0.5714285714285715,0.8948542244561231,1.1215067000011913
100,All-Features,30,0.5,0.11963849999622322,0.0033751000300981104
100,QMI-CFS,31,0.6,0.04882921954155983,2.383826399978716
100,MI,31,0.20000000000000004,0.8252152560012984,0.04299909999826923
100,CMI,31,0.8000000000000002,0.20285251131096893,0.02780519996304065
100,LASSO,31,0.5,0.24345932125257708,0.1644213999970816
100,Boruta,31,0.5714285714285715,0.5862147210306388,11.027570599981118
100,RF,31,0.5714285714285715,0.5862147210306388,1.0961893000057898
100,All-Features,31,0.5,0.24345932125257708,0.0033845999860204756
100,QMI-CFS,32,0.16666666666666666,1.2689843492232686,2.370268800004851
100,MI,32,0.6,0.81000143286923,0.05827179999323562
100,CMI,32,0.6,0.7846298523127841,0.026909999956842512
100,LASSO,32,0.5,0.37818703866211356,0.13412939995760098
100,Boruta,32,0.0,1.499967109312843,30.20816169999307
100,RF,32,0.5714285714285715,1.0032724482421451,1.1628501000232063
100,All-Features,32,0.5,0.37818703866211356,0.004254100029356778
100,QMI-CFS,33,0.3636363636363636,0.7982082553851497,2.5394281999906525
100,MI,33,0.6,0.8013550787761345,0.054931199993006885
100,CMI,33,0.6,0.720953019663666,0.03820619999896735
100,LASSO,33,0.5,0.1861363756925476,0.15393930004211143
100,Boruta,33,0.33333333333333337,1.1274148888348394,16.822798000008333
100,RF,33,0.5714285714285715,0.9326909495739297,1.0591508999932557
100,All-Features,33,0.5,0.1861363756925476,0.003330900042783469
100,QMI-CFS,34,0.5,0.32482060512126587,2.2273034999961965
100,MI,34,0.4000000000000001,0.8158705846106598,0.04000070004258305
100,CMI,34,0.4000000000000001,0.780422538050507,0.026543899963144213
100,LASSO,34,0.5,0.06067423782066861,0.130652200023178
100,Boruta,34,0.33333333333333337,0.9091687107083497,24.364005999988876
100,RF,34,0.5714285714285715,0.7028126776906705,1.0460920000332408
100,All-Features,34,0.5,0.06067423782066861,0.004314000019803643
100,QMI-CFS,35,0.7272727272727272,0.02412842499611023,2.2353796000243165
100,MI,35,0.6,0.34444184517210497,0.038369899964891374
100,CMI,35,0.8000000000000002,0.1490824442721972,0.03284250001888722
100,LASSO,35,0.5882352941176471,0.39030599926872545,0.1358487000106834
100,Boruta,35,0.33333333333333337,1.000192253930214,9.814085399964824
100,RF,35,0.5714285714285715,0.6035077763102783,1.0174722000374459
100,All-Features,35,0.5,0.3168794808202291,0.003714499995112419
100,QMI-CFS,36,0.5,0.4125318738388124,2.24325920001138
100,MI,36,0.4000000000000001,0.9110688216420666,0.03910999995423481
100,CMI,36,0.6,0.6465550895219594,0.02665089996298775
100,LASSO,36,0.5,0.14424722123697675,0.13964820001274347
100,Boruta,36,0.5,0.6423194269852304,30.967544300016016
100,RF,36,0.5714285714285715,0.6484030023706282,1.0178346000029705
100,All-Features,36,0.5,0.14424722123697675,0.003420500026550144
100,QMI-CFS,37,0.4000000000000001,0.7960260842421776,2.259090599953197
100,MI,37,0.8000000000000002,0.28447560276104644,0.039813100011087954
100,CMI,37,0.6,0.7253245855460944,0.026219400053378195
100,LASSO,37,0.5882352941176471,0.25978784021524226,0.12467310001375154
100,Boruta,37,0.5714285714285715,0.7553145057718682,27.722363099979702
100,RF,37,0.5714285714285715,0.5264025626140647,1.0597133999690413
100,All-Features,37,0.5,0.2007289930728675,0.00584639998851344
100,QMI-CFS,38,0.3333333333333333,0.6766624635885403,2.2668350000167266
100,MI,38,0.6,0.044209932250221406,0.03883930004667491
100,CMI,38,0.6,0.4315713968724064,0.02748839999549091
100,LASSO,38,0.5263157894736842,0.05977117817250388,0.1291629000334069
100,Boruta,38,0.4444444444444445,0.19631870125511774,31.115208500006702
100,RF,38,0.28571428571428575,0.5050845915601605,1.0329583999700844
100,All-Features,38,0.5,0.07692295441809649,0.003802900027949363
100,QMI-CFS,39,0.5454545454545454,0.6039878051568439,2.245640200038906
100,MI,39,0.6,0.647525109468361,0.041567299980670214
100,CMI,39,0.8000000000000002,0.5325958632233925,0.033815499977208674
100,LASSO,39,0.5882352941176471,0.20299667065319715,0.13923750002868474
100,Boruta,39,0.7499999999999999,0.6360211571748215,29.012273900036234
100,RF,39,0.5714285714285715,0.9278097909679617,1.0697471000021324
100,All-Features,39,0.5,0.30116583127965546,0.004218299989588559
100,QMI-CFS,40,0.3636363636363636,0.6059563836865873,2.270215099968482
100,MI,40,0.4000000000000001,0.46904611702880405,0.052211100002750754
100,CMI,40,0.4000000000000001,0.6403450167142153,0.040507700003217906
100,LASSO,40,0.5,0.09485657458922425,0.15165880002314225
100,Boruta,40,0.33333333333333337,0.3609346879207429,26.69919190002838
100,RF,40,0.5714285714285715,0.21623248087070168,1.0179507000138983
100,All-Features,40,0.5,0.09485657458922425,0.0040852000238373876
100,QMI-CFS,41,0.5454545454545454,0.7338773145485358,2.278033400012646
100,MI,41,0.4000000000000001,1.213094237423212,0.06293820001883432
100,CMI,41,0.4000000000000001,1.228493434655419,0.030867299996316433
100,LASSO,41,0.625,0.11097745695333483,0.14636280003469437
100,Boruta,41,0.7499999999999999,0.8114065280134843,27.36449680000078
100,RF,41,0.5714285714285715,1.2687584140845094,1.01633860002039
100,All-Features,41,0.5,0.10759200063220176,0.003448900009971112
100,QMI-CFS,42,0.3636363636363636,0.817745020184542,2.2336164000444114
100,MI,42,0.4000000000000001,1.0495361826060274,0.03896129998611286
100,CMI,42,0.4000000000000001,1.0125490902812646,0.03331199998501688
100,LASSO,42,0.5555555555555556,0.4533887477348486,0.13254020002204925
100,Boruta,42,0.7499999999999999,0.5256483843552977,21.534055399999488
100,RF,42,0.5714285714285715,0.8752213404465397,1.0671843999880366
100,All-Features,42,0.5,0.43881150301508276,0.006121199985500425
100,QMI-CFS,43,0.4615384615384615,0.4524579248348095,2.2446080000372604
100,MI,43,0.20000000000000004,0.9245974119258715,0.03877839999040589
100,CMI,43,0.6,0.7188183295844626,0.03261280001606792
100,LASSO,43,0.5,0.2315299297003075,0.15161120000993833
100,Boruta,43,0.5714285714285715,0.6434256516497414,28.30067110003438
100,RF,43,0.5714285714285715,0.8210518521138455,1.0311292000114918
100,All-Features,43,0.5,0.2315299297003075,0.004156799986958504
100,QMI-CFS,44,0.20000000000000004,0.5987368872066474,2.228440099977888
100,MI,44,0.20000000000000004,0.7133774732352434,0.038220399990677834
100,CMI,44,0.6,0.4699928918426379,0.039939000038430095
100,LASSO,44,0.5263157894736842,0.11591508693820818,0.12963139999192208
100,Boruta,44,0.0,0.8551434014363988,28.28437920002034
100,RF,44,0.5714285714285715,0.4752804389100138,1.0165357000078075
100,All-Features,44,0.5,0.13824093479790145,0.004273500002454966
100,QMI-CFS,45,0.5454545454545454,1.215060287520492,2.246637100004591
100,MI,45,0.4000000000000001,1.6385759965963405,0.04622269998071715
100,CMI,45,0.4000000000000001,1.5243134159396066,0.03865499998209998
100,LASSO,45,0.5882352941176471,0.3980235510922596,0.1358782000024803
100,Boruta,45,0.5714285714285715,1.4689067874352872,17.147772800002713
100,RF,45,0.5714285714285715,1.4689067874352872,1.026469700038433
100,All-Features,45,0.5,0.4186421332892154,0.0033381000394001603
100,QMI-CFS,46,0.22222222222222224,1.3211489953383113,2.255765500012785
100,MI,46,0.6,0.6674912478559292,0.04386869998415932
100,CMI,46,0.6,0.6435678640695177,0.03976499999407679
100,LASSO,46,0.5263157894736842,0.38007109513964776,0.13612679997459054
100,Boruta,46,0.7499999999999999,0.39374508402773767,22.571277200011536
100,RF,46,0.5714285714285715,0.6432743534585974,1.0280962999677286
100,All-Features,46,0.5,0.35835657728383286,0.00331129995174706
100,QMI-CFS,47,0.4000000000000001,1.076904513665704,2.2395172000396997
100,MI,47,0.20000000000000004,1.201053295101115,0.03858250001212582
100,CMI,47,0.6,0.8630782014338325,0.03436280001187697
100,LASSO,47,0.5,0.10470175770363266,0.14214110001921654
100,Boruta,47,0.5714285714285715,1.040713608092438,28.53229330002796
100,RF,47,0.5714285714285715,1.040713608092438,1.0760197999770753
100,All-Features,47,0.5,0.10470175770363266,0.003848800028208643
100,QMI-CFS,48,0.3333333333333333,0.040658588290252595,2.224349899974186
100,MI,48,0.4000000000000001,0.22693055852628996,0.051317699952051044
100,CMI,48,0.6,0.43440765919185376,0.03788339998573065
100,LASSO,48,0.5263157894736842,0.4079127557856643,0.12866240000585094
100,Boruta,48,0.33333333333333337,0.38100211892526037,17.755543300008867
100,RF,48,0.5714285714285715,0.17377415919334505,1.0246375999995507
100,All-Features,48,0.5,0.3896340177063067,0.004362699983175844
100,QMI-CFS,49,0.5454545454545454,1.0464816862022057,2.2767408000072464
100,MI,49,0.6,1.3046599884168404,0.05783419997896999
100,CMI,49,0.8000000000000002,0.7145497190380303,0.025938699953258038
100,LASSO,49,0.5,0.4831627080964638,0.18402689998038113
100,Boruta,49,0.7499999999999999,1.0334267666008299,29.239934400015045
100,RF,49,0.5714285714285715,1.3712538644019192,1.104709300037939
100,All-Features,49,0.5,0.4831627080964638,0.004318299994338304
250,QMI-CFS,0,0.6666666666666666,0.16364099805055465,2.386417400033679
250,MI,0,0.4000000000000001,0.692613425448708,0.05430349998641759
250,CMI,0,0.6,0.3425400409597539,0.0367716999608092
250,LASSO,0,0.5263157894736842,0.16029284782466346,0.280192700040061
250,Boruta,0,0.5714285714285715,0.44919867093237364,18.099481600045692
250,RF,0,0.5714285714285715,0.5002494887789353,1.110368900001049
250,All-Features,0,0.5,0.18133373828292987,0.005655099987052381
250,QMI-CFS,1,0.6153846153846154,0.4213959127164859,2.4051768999779597
250,MI,1,0.6,0.8267469672595289,0.062441399961244315
250,CMI,1,0.6,0.8007155147984384,0.040258599969092757
250,LASSO,1,0.5263157894736842,0.012389999322778511,0.264319300011266
250,Boruta,1,0.7499999999999999,0.7375978679821307,19.84434000001056
250,RF,1,0.5714285714285715,1.0813072708152012,1.1815893999882974
250,All-Features,1,0.5,0.02185395993950534,0.005539399979170412
250,QMI-CFS,2,0.6666666666666666,0.6398889926224465,2.3902724999934435
250,MI,2,0.4000000000000001,1.4335802114267584,0.061422099999617785
250,CMI,2,0.4000000000000001,1.6132395239432475,0.034772500046528876
250,LASSO,2,0.5,0.32101471172915463,0.24516579997725785
250,Boruta,2,0.888888888888889,0.5817964246535015,23.035555400012527
250,RF,2,0.5714285714285715,1.1344472513519284,1.089909800037276
250,All-Features,2,0.5,0.32101471172915463,0.0034859999432228506
250,QMI-CFS,3,0.5,0.22108804717344066,2.3992032000096515
250,MI,3,0.8000000000000002,0.017074944360003785,0.051651200046762824
250,CMI,3,1.0,0.28825695120050665,0.03894850000506267
250,LASSO,3,0.5555555555555556,0.20922835041222654,0.266819599957671
250,Boruta,3,0.6666666666666665,0.15037792492603108,22.464171300001908
250,RF,3,0.5714285714285715,0.6309256286178817,1.0917000999907032
250,All-Features,3,0.5,0.22511424261753477,0.0038149000029079616
250,QMI-CFS,4,0.4000000000000001,0.7842040451166814,2.4248297000303864
250,MI,4,0.8000000000000002,0.4750764714560418,0.05107129999669269
250,CMI,4,0.20000000000000004,1.2700567521632382,0.04328379995422438
250,LASSO,4,0.5555555555555556,0.28609136204639807,0.25384580000536516
250,Boruta,4,0.5714285714285715,0.7281934581705594,21.56373719999101
250,RF,4,0.5714285714285715,0.7281934581705594,1.068390799977351
250,All-Features,4,0.5,0.2942091965204119,0.006107900000642985
250,QMI-CFS,5,0.6666666666666666,0.3014400104348489,2.4265685999998823
250,MI,5,0.6,0.7755213037825421,0.06114590005017817
250,CMI,5,0.4000000000000001,1.021571513650143,0.041919899987988174
250,LASSO,5,0.5,0.17467125565998343,0.2728480000514537
250,Boruta,5,0.8000000000000002,0.3091706698946508,14.169869299978018
250,RF,5,0.5714285714285715,1.0223553147664952,1.1978347999975085
250,All-Features,5,0.5,0.17467125565998343,0.00403589999768883
250,QMI-CFS,6,0.5,0.42657035743468175,2.4107409000280313
250,MI,6,0.4000000000000001,1.0177092711861269,0.05863009998574853
250,CMI,6,0.6,0.6766511745743,0.03618649998679757
250,LASSO,6,0.5263157894736842,0.024987596700518644,0.2715789999929257
250,Boruta,6,0.6666666666666665,0.48653614783927424,15.37622699997155
250,RF,6,0.5714285714285715,0.8184173247258424,1.280915700015612
250,All-Features,6,0.5,0.02994852816475424,0.004607999988365918
250,QMI-CFS,7,0.7272727272727272,0.32194028433283606,2.455481000011787
250,MI,7,0.6,0.7655782606438533,0.05436849995749071
250,CMI,7,0.6,0.640854875956058,0.034625899977982044
250,LASSO,7,0.5,0.052067153301920355,0.25873100000899285
250,Boruta,7,0.888888888888889,0.3057102781154635,23.200058999995235
250,RF,7,0.5714285714285715,0.9208280821277022,1.1269241000409238
250,All-Features,7,0.5,0.052067153301920355,0.00559910002630204
250,QMI-CFS,8,0.7272727272727272,0.5098442700921249,2.413907000038307
250,MI,8,0.4000000000000001,1.2821059226815064,0.054077800014056265
250,CMI,8,0.4000000000000001,1.180082381983925,0.03768790001049638
250,LASSO,8,0.5,0.037302280501232854,0.25643060001311824
250,Boruta,8,0.9090909090909091,0.14391855511590812,12.479565399989951
250,RF,8,0.5714285714285715,1.178902622279332,1.08307789999526
250,All-Features,8,0.5,0.037302280501232854,0.007717600034084171
250,QMI-CFS,9,0.3636363636363636,1.160084389855787,2.4313150999951176
250,MI,9,0.20000000000000004,1.1673817876828334,0.07182920002378523
250,CMI,9,0.4000000000000001,1.2930030375903896,0.03766380000161007
250,LASSO,9,0.5,0.041034155422995156,0.26327489997493103
250,Boruta,9,0.6666666666666665,0.6192704861930989,18.924211799982004
250,RF,9,0.5714285714285715,0.9106304034203632,1.0830585000221618
250,All-Features,9,0.5,0.041034155422995156,0.005217700032517314
250,QMI-CFS,10,0.7272727272727272,0.41201784192654367,2.471602100005839
250,MI,10,0.6,0.7199813219492981,0.058163899986539036
250,CMI,10,1.0,0.13107354943882177,0.03779440000653267
250,LASSO,10,0.5,0.1311464666516149,0.2534812000230886
250,Boruta,10,0.888888888888889,0.3636851820670426,22.375488799996674
250,RF,10,0.5714285714285715,0.9318476485870484,1.1947447000420652
250,All-Features,10,0.5,0.1311464666516149,0.0032728000078350306
250,QMI-CFS,11,0.6,0.6046800103764123,2.3986017999704927
250,MI,11,0.6,0.6496011210235855,0.06089990003965795
250,CMI,11,0.8000000000000002,0.4207539185293361,0.036596200021449476
250,LASSO,11,0.5555555555555556,0.16673579306945507,0.2567112999968231
250,Boruta,11,0.7499999999999999,0.6018767046640692,18.45455820002826
250,RF,11,0.5714285714285715,0.7637048634053363,1.07056730001932
250,All-Features,11,0.5,0.16940933389001245,0.0037683999980799854
250,QMI-CFS,12,0.6666666666666666,0.19327402066858967,2.4154368999879807
250,MI,12,0.4000000000000001,0.8228004646956824,0.058916799956932664
250,CMI,12,0.4000000000000001,0.8259898629350544,0.048699599981773645
250,LASSO,12,0.5555555555555556,0.00261599507398258,0.26541539997560903
250,Boruta,12,1.0,0.010447333103191347,9.620508199965116
250,RF,12,0.5714285714285715,0.7774657265232423,1.150005599949509
250,All-Features,12,0.5,0.007522638938005866,0.0033759999787434936
250,QMI-CFS,13,0.6,0.6895983974418609,2.4107185000320897
250,MI,13,0.20000000000000004,1.004862823118732,0.053194599982816726
250,CMI,13,0.6,0.7001078977396054,0.04401439998764545
250,LASSO,13,0.5263157894736842,0.14099137596982914,0.2581690000370145
250,Boruta,13,0.7499999999999999,0.5473508542947787,22.09661559999222
250,RF,13,0.5714285714285715,0.7323882454682389,1.085384999983944
250,All-Features,13,0.5,0.1434155284373495,0.005994400009512901
250,QMI-CFS,14,0.8333333333333333,0.0892061147503802,2.4049502999987453
250,MI,14,1.0,0.03698826316975623,0.05282789998454973
250,CMI,14,0.6,0.9176737190968369,0.03497520001837984
250,LASSO,14,0.5,0.09208525920935196,0.24998480000067502
250,Boruta,14,1.0,0.03698826316975623,13.463873900007457
250,RF,14,0.5714285714285715,1.2381207663012992,1.0648000000510365
250,All-Features,14,0.5,0.09208525920935196,0.005378000030759722
250,QMI-CFS,15,0.6666666666666666,0.22692456942869743,2.3882718000095338
250,MI,15,0.20000000000000004,0.8339414006631385,0.05086909997044131
250,CMI,15,0.8000000000000002,0.07194579174675875,0.03608489996986464
250,LASSO,15,0.5,0.08913970938850024,0.2552711999742314
250,Boruta,15,0.7499999999999999,0.27487692151427856,22.072289199975785
250,RF,15,0.5714285714285715,0.4075020853306932,1.0510848000412807
250,All-Features,15,0.5,0.08913970938850024,0.003632000007200986
250,QMI-CFS,16,0.7692307692307693,0.12340983628115154,2.414087599958293
250,MI,16,0.8000000000000002,0.38413929213731457,0.06766299996525049
250,CMI,16,0.6,0.7942669305991412,0.04031269997358322
250,LASSO,16,0.5,0.07767674907959199,0.2608825999777764
250,Boruta,16,0.888888888888889,0.3512597917458429,24.099430900008883
250,RF,16,0.5714285714285715,0.9053983036677073,1.114028399984818
250,All-Features,16,0.5,0.07767674907959199,0.0031394000397995114
250,QMI-CFS,17,0.7272727272727272,0.002125028687287589,2.415640000021085
250,MI,17,0.4000000000000001,0.6187867716112891,0.06498530000681058
250,CMI,17,0.6,0.3112162772300797,0.038803900009952486
250,LASSO,17,0.5555555555555556,0.11427587863072297,0.24656610004603863
250,Boruta,17,0.888888888888889,0.0639544215590162,26.533004899974912
250,RF,17,0.5714285714285715,0.5073997438494171,2.29625399998622
250,All-Features,17,0.5,0.10118249212992625,0.006318800034932792
250,QMI-CFS,18,0.4000000000000001,1.0730388536972,7.33870190003654
250,MI,18,0.20000000000000004,1.16147271741609,0.11459439998725429
250,CMI,18,0.4000000000000001,0.8312791774832289,0.09257400000933558
250,LASSO,18,0.5,0.12994318261408422,0.6899326999555342
250,Boruta,18,0.7499999999999999,0.6057449405623001,47.42297290003626
250,RF,18,0.5714285714285715,0.8094724008757552,2.3911393000162207
250,All-Features,18,0.5,0.12994318261408422,0.007776800019200891
250,QMI-CFS,19,0.5454545454545454,0.6546142366566214,8.830127900000662
250,MI,19,1.0,0.16455772120544232,0.12303719995543361
250,CMI,19,0.8000000000000002,0.5106507301048304,0.080180500051938
250,LASSO,19,0.5,0.09680903089791948,0.6549991999636404
250,Boruta,19,0.7499999999999999,0.66394508876499,28.540377199999057
250,RF,19,0.5714285714285715,0.9744389619009666,1.0856534999911673
250,All-Features,19,0.5,0.09680903089791948,0.00530270003946498
250,QMI-CFS,20,0.6666666666666666,0.5343304302230276,2.4142298999940977
250,MI,20,0.6,0.7187023547349054,0.05230310000479221
250,CMI,20,0.8000000000000002,0.42853009767675543,0.03627689997665584
250,LASSO,20,0.5,0.09708740744234579,0.25916849996428937
250,Boruta,20,0.888888888888889,0.3675488281333754,18.68785739998566
250,RF,20,0.5714285714285715,1.0066288612936751,1.1417738000163808
250,All-Features,20,0.5,0.09708740744234579,0.005376000015530735
250,QMI-CFS,21,0.7272727272727272,0.33414614246547725,2.4278718999703415
250,MI,21,0.6,0.7853102561831085,0.052306100027635694
250,CMI,21,1.0,0.1174416467805548,0.03479720000177622
250,LASSO,21,0.625,0.1989117938036653,0.26026000001002103
250,Boruta,21,0.8000000000000002,0.2130173495683545,23.49543700000504
250,RF,21,0.5714285714285715,0.896804906758939,1.1752876000246033
250,All-Features,21,0.5,0.19625999832697705,0.005822799983434379
250,QMI-CFS,22,0.6,0.7993425873146398,2.4674610999645665
250,MI,22,0.6,0.6570880333954645,0.08025089994771406
250,CMI,22,0.4000000000000001,1.106994654350876,0.0351210999651812
250,LASSO,22,0.5,0.11296887809926837,0.2638328000321053
250,Boruta,22,0.7499999999999999,0.5947881743825509,23.202517100027762
250,RF,22,0.5714285714285715,0.9364724685869259,1.061861400026828
250,All-Features,22,0.5,0.11296887809926837,0.004876499995589256
250,QMI-CFS,23,0.5454545454545454,0.6082886538209942,2.410558999981731
250,MI,23,0.4000000000000001,0.8502902557052101,0.06202409998513758
250,CMI,23,0.4000000000000001,0.9053923710170912,0.046549799968488514
250,LASSO,23,0.5,0.11161161985211643,0.2615015000337735
250,Boruta,23,0.7499999999999999,0.4537097385257276,20.927760899998248
250,RF,23,0.5714285714285715,0.7581599791947662,1.0813402999774553
250,All-Features,23,0.5,0.11161161985211643,0.0056143999681808054
250,QMI-CFS,24,0.6666666666666666,0.12737677491262467,2.392923899984453
250,MI,24,0.20000000000000004,1.034601687643848,0.0591615000157617
250,CMI,24,0.6,0.5684626481890853,0.040599900006782264
250,LASSO,24,0.5,0.01867974612153467,0.253567399980966
250,Boruta,24,0.5714285714285715,0.6576187180644499,14.846921000047587
250,RF,24,0.5714285714285715,0.6253053358377323,1.079081200005021
250,All-Features,24,0.5,0.01867974612153467,0.0037988999974913895
250,QMI-CFS,25,0.7142857142857143,0.0769341709981155,2.432987400039565
250,MI,25,0.6,0.43235555824852945,0.05174809996969998
250,CMI,25,0.6,0.45874318819924786,0.03761990001657978
250,LASSO,25,0.5,0.12867799194510243,0.2525029999669641
250,Boruta,25,1.0,0.12894929901501917,23.743032400030643
250,RF,25,0.5714285714285715,0.66063697591819,1.165727500047069
250,All-Features,25,0.5,0.12867799194510243,0.00594259996432811
250,QMI-CFS,26,0.6666666666666666,0.16218162972695094,2.4365166000206955
250,MI,26,0.6,0.6221770188670153,0.061076699988916516
250,CMI,26,0.20000000000000004,1.2263078041872695,0.034744400007184595
250,LASSO,26,0.5,0.15109671780575584,0.25951880001230165
250,Boruta,26,0.888888888888889,0.1736371006202555,23.692984299967065
250,RF,26,0.5714285714285715,0.6472333546590119,1.0727243999717757
250,All-Features,26,0.5,0.15109671780575584,0.004974799987394363
250,QMI-CFS,27,0.5454545454545454,0.6658324597213188,2.3980985999805853
250,MI,27,0.6,0.5650671418123459,0.06348279997473583
250,CMI,27,0.6,0.658346347000724,0.04196310002589598
250,LASSO,27,0.5,0.07276147884562079,0.26295100001152605
250,Boruta,27,0.7499999999999999,0.5513564731029574,12.946718399995007
250,RF,27,0.5714285714285715,0.817227296471787,1.0597565999487415
250,All-Features,27,0.5,0.07276147884562079,0.0040152000146918
250,QMI-CFS,28,0.7272727272727272,0.5076534208327619,2.4271174000459723
250,MI,28,0.4000000000000001,1.1462976673910754,0.049687699996866286
250,CMI,28,0.6,1.0970627582846526,0.050228399981278926
250,LASSO,28,0.5555555555555556,0.11371551661516266,0.24995689996285364
250,Boruta,28,0.7499999999999999,0.6723426147733145,23.676487499964423
250,RF,28,0.5714285714285715,1.0965087089019327,1.273009299999103
250,All-Features,28,0.5,0.1232548076140021,0.004874300037045032
250,QMI-CFS,29,0.5,0.2413836889626575,2.436415100004524
250,MI,29,0.4000000000000001,0.42871294304240903,0.05192270001862198
250,CMI,29,0.6,0.306234739318342,0.034792000020388514
250,LASSO,29,0.5,0.1949223332799801,0.24670530000003055
250,Boruta,29,0.7499999999999999,0.06202940414878766,21.43427020002855
250,RF,29,0.5714285714285715,0.3610812473565339,1.3170524999732152
250,All-Features,29,0.5,0.1949223332799801,0.005301700031850487
250,QMI-CFS,30,0.3636363636363636,0.8971703980544317,2.4058209999930114
250,MI,30,0.6,0.4984205609960686,0.05154040001798421
250,CMI,30,0.6,0.7788762709705987,0.03498679999029264
250,LASSO,30,0.5263157894736842,0.06775592094490523,0.25432899995939806
250,Boruta,30,0.5714285714285715,0.9431140416682258,23.1125730999629
250,RF,30,0.5714285714285715,0.9431140416682258,1.1766696000122465
250,All-Features,30,0.5,0.06315086641874057,0.0032401999924331903
250,QMI-CFS,31,0.5454545454545454,0.463528206245567,2.4042855000006966
250,MI,31,0.6,0.5093403794833331,0.05141020001610741
250,CMI,31,0.4000000000000001,0.9025544781338088,0.03690649999771267
250,LASSO,31,0.5555555555555556,0.20690673143126048,0.26692439999897033
250,Boruta,31,0.7499999999999999,0.5059981080802363,18.35490099998424
250,RF,31,0.5714285714285715,0.7236327830430507,1.1225708000129089
250,All-Features,31,0.5,0.22233473392501235,0.004510900005698204
250,QMI-CFS,32,0.6666666666666665,0.5081505808299949,2.4151917999843135
250,MI,32,0.8000000000000002,0.12710372404844827,0.05141749995527789
250,CMI,32,0.6,0.9782677810190079,0.04573600000003353
250,LASSO,32,0.5,0.1662449403432702,0.2780172000057064
250,Boruta,32,0.7499999999999999,0.4991910840443863,21.4882766000228
250,RF,32,0.5714285714285715,0.9245785357893745,1.1064839999889955
250,All-Features,32,0.5,0.1662449403432702,0.003525699954479933
250,QMI-CFS,33,0.6153846153846154,0.47574941545880667,2.377226599957794
250,MI,33,0.8000000000000002,0.5976625747241309,0.053237800020724535
250,CMI,33,0.4000000000000001,0.37737668758328935,0.03495230001863092
250,LASSO,33,0.5,0.4381919221620265,0.2583619999932125
250,Boruta,33,0.7499999999999999,0.4029418409617651,24.373567300033756
250,RF,33,0.5714285714285715,0.004785012851655779,1.259248899994418
250,All-Features,33,0.5,0.4381919221620265,0.005053600005339831
250,QMI-CFS,34,0.6666666666666666,0.3716353431458854,2.3990294999675825
250,MI,34,0.6,0.6681236775066477,0.05054979998385534
250,CMI,34,0.8000000000000002,0.30182043290977534,0.0340297999791801
250,LASSO,34,0.5263157894736842,0.20822290362789042,0.2470525000244379
250,Boruta,34,0.888888888888889,0.2619861613046597,15.2180486000143
250,RF,34,0.5714285714285715,0.9065103600831241,1.13251849997323
250,All-Features,34,0.5,0.20670827931905666,0.003325900004711002
250,QMI-CFS,35,0.5,0.5773413608548363,2.4041345000150613
250,MI,35,0.4000000000000001,0.833722687651945,0.05151860002661124
250,CMI,35,0.6,1.0283371218800523,0.0355437999824062
250,LASSO,35,0.5,0.13544424597145133,0.2490630999673158
250,Boruta,35,0.888888888888889,0.2748319288074099,23.44685170002049
250,RF,35,0.5714285714285715,0.9849376652842499,1.1175630000070669
250,All-Features,35,0.5,0.13544424597145133,0.007042500015813857
250,QMI-CFS,36,0.7272727272727272,0.6676646573752096,2.3931943000061437
250,MI,36,0.6,0.7934684198158228,0.058202599990181625
250,CMI,36,0.4000000000000001,1.1247297868559816,0.03563870000652969
250,LASSO,36,0.5,0.16808425986651399,0.2458607000298798
250,Boruta,36,0.888888888888889,0.6242430692127137,22.59735339996405
250,RF,36,0.5714285714285715,1.2275241689413425,1.116972399991937
250,All-Features,36,0.5,0.16808425986651399,0.005081299983430654
250,QMI-CFS,37,0.9090909090909091,0.3037771111009142,2.4315326000214554
250,MI,37,0.6,0.6739259381034888,0.058135900006163865
250,CMI,37,0.6,0.6131116264944856,0.038581700006034225
250,LASSO,37,0.5263157894736842,0.14325100961347292,0.26916279998840764
250,Boruta,37,1.0,0.29176972809235746,13.517713899957016
250,RF,37,0.5714285714285715,0.7390391409714474,1.0549516000319272
250,All-Features,37,0.5,0.1530683796398451,0.0032505999552085996
250,QMI-CFS,38,0.7692307692307693,0.17650410406235473,2.4276864000130445
250,MI,38,0.6,0.7038756333975074,0.05252919998019934
250,CMI,38,0.6,0.7918801567815752,0.04093240003567189
250,LASSO,38,0.5,0.12128483535985479,0.27882269996916875
250,Boruta,38,1.0,0.12866145356157443,20.95574179996038
250,RF,38,0.5714285714285715,0.9621438368093411,1.2463325999560766
250,All-Features,38,0.5,0.12128483535985479,0.0061295999912545085
250,QMI-CFS,39,0.5454545454545454,0.4052647599470003,2.435333300032653
250,MI,39,0.8000000000000002,0.3970944347823111,0.05237150000175461
250,CMI,39,0.6,0.5765855050330764,0.03451059997314587
250,LASSO,39,0.5,0.10266198124115178,0.24742629996035248
250,Boruta,39,0.888888888888889,0.2373818659607161,21.0275219999603
250,RF,39,0.5714285714285715,0.7128191768763008,1.0749192999792285
250,All-Features,39,0.5,0.10266198124115178,0.0060258000157773495
250,QMI-CFS,40,0.6666666666666666,0.1773853403236716,2.425115999998525
250,MI,40,0.4000000000000001,0.5897009219850426,0.05064839997794479
250,CMI,40,0.6,0.5583041048995092,0.03450760000851005
250,LASSO,40,0.5263157894736842,0.12136778553454941,0.2542799999937415
250,Boruta,40,0.888888888888889,0.019624364957721685,7.472451900015585
250,RF,40,0.5714285714285715,0.6726696478042404,1.3372883999836631
250,All-Features,40,0.5,0.120826408930361,0.00435740000102669
250,QMI-CFS,41,0.6153846153846154,0.15773141904787957,2.4364979999954812
250,MI,41,0.4000000000000001,0.7662686521538076,0.05613649997394532
250,CMI,41,0.6,0.6046585986714526,0.04871679999632761
250,LASSO,41,0.5,0.15356898608278335,0.2559787000063807
250,Boruta,41,0.9090909090909091,0.12164907798262958,14.409031499992125
250,RF,41,0.5714285714285715,0.9037679712140045,1.1307902000262402
250,All-Features,41,0.5,0.15356898608278335,0.00608360004844144
250,QMI-CFS,42,0.7272727272727272,0.0726510140026293,2.448668999946676
250,MI,42,0.8000000000000002,0.14516152452112552,0.0514545000041835
250,CMI,42,0.8000000000000002,0.010855155289414942,0.03445279999868944
250,LASSO,42,0.5,0.09630203927838332,0.2558865000028163
250,Boruta,42,0.7499999999999999,0.006402840723627179,23.332838600035757
250,RF,42,0.5714285714285715,0.283403464676351,1.057134100003168
250,All-Features,42,0.5,0.09630203927838332,0.0032823000219650567
250,QMI-CFS,43,0.4615384615384615,0.5578446721872368,2.4257982000126503
250,MI,43,0.4000000000000001,0.7369702359956993,0.060518099984619766
250,CMI,43,0.4000000000000001,0.7534376883176281,0.039002199948299676
250,LASSO,43,0.5,0.07395362803966377,0.24353550001978874
250,Boruta,43,0.6666666666666665,0.36388290724541994,18.57509649998974
250,RF,43,0.5714285714285715,0.7104594972665703,1.1247178000048734
250,All-Features,43,0.5,0.07395362803966377,0.005732300051022321
250,QMI-CFS,44,0.6153846153846154,0.2445815920602019,2.4337582000298426
250,MI,44,0.6,0.5954809560423779,0.052147399983368814
250,CMI,44,0.4000000000000001,1.0051710177072795,0.04331220005406067
250,LASSO,44,0.5,0.016570599915911366,0.27235580002889037
250,Boruta,44,0.888888888888889,0.3882436838387697,17.657713400025386
250,RF,44,0.5714285714285715,0.7855604390373427,1.1109399999841116
250,All-Features,44,0.5,0.016570599915911366,0.005662099982146174
250,QMI-CFS,45,0.8333333333333333,0.05265815971864263,2.411791099992115
250,MI,45,0.4000000000000001,1.0458617008089823,0.061537700006738305
250,CMI,45,1.0,0.06574846443337856,0.03883179998956621
250,LASSO,45,0.5263157894736842,0.06034273532506185,0.2586382000008598
250,Boruta,45,0.8000000000000002,0.12275907312617607,22.307909599971026
250,RF,45,0.5714285714285715,0.8891973180113824,1.1383484000107273
250,All-Features,45,0.5,0.048880832096172444,0.006836600019596517
250,QMI-CFS,46,0.6666666666666666,0.007685694704354429,2.4082456000032835
250,MI,46,0.6,0.5316667897237557,0.0512427999638021
250,CMI,46,0.4000000000000001,0.9278985955760017,0.0422081999713555
250,LASSO,46,0.5,0.07107390101119515,0.2485585999675095
250,Boruta,46,0.888888888888889,0.019130914781128272,22.75388999999268
250,RF,46,0.5714285714285715,0.6843528738283648,1.1098953000037
250,All-Features,46,0.5,0.07107390101119515,0.0033234000438824296
250,QMI-CFS,47,0.9090909090909091,0.14412362597216144,2.4947640000027604
250,MI,47,0.6,0.5360122971520145,0.062005999963730574
250,CMI,47,0.8000000000000002,0.08174097613047415,0.038707699975930154
250,LASSO,47,0.5,0.039121105804462264,0.281704000022728
250,Boruta,47,1.0,0.16832053897820143,17.90552959998604
250,RF,47,0.5714285714285715,0.7396765219432533,1.1208939999924041
250,All-Features,47,0.5,0.039121105804462264,0.005860999983269721
250,QMI-CFS,48,0.5454545454545454,0.5512957145594775,2.412676099978853
250,MI,48,0.6,0.4512739922424309,0.06568810000317171
250,CMI,48,0.8000000000000002,0.2385504545507766,0.04234559996984899
250,LASSO,48,0.5263157894736842,0.1822082855156255,0.2769452999928035
250,Boruta,48,0.7499999999999999,0.32795708729439754,14.638708900019992
250,RF,48,0.5714285714285715,0.6422970359293005,1.0587018000078388
250,All-Features,48,0.5,0.17493605183239858,0.0039913999498821795
250,QMI-CFS,49,0.6153846153846154,0.6076187542579601,2.400615499995183
250,MI,49,0.6,0.8597745657767399,0.052803599974140525
250,CMI,49,0.6,1.0640744515346552,0.03627589996904135
250,LASSO,49,0.5,0.1810628327188053,0.26210859999991953
250,Boruta,49,1.0,0.24028371630587975,23.155683999997564
250,RF,49,0.5714285714285715,1.101766205834506,1.1171202000114135
250,All-Features,49,0.5,0.1810628327188053,0.004959599988069385
500,QMI-CFS,0,0.7692307692307693,0.14356803756150027,2.646393299975898
500,MI,0,0.6,0.6407959054575127,0.08589479996589944
500,CMI,0,0.6,0.5893707969450017,0.05422689998522401
500,LASSO,0,0.5263157894736842,0.17475402160243125,0.3402883000089787
500,Boruta,0,1.0,0.1292017189139787,6.837135599984322
500,RF,0,0.5714285714285715,0.8502968203702794,1.167749600019306
500,All-Features,0,0.5,0.1774911984300347,0.004037000006064773
500,QMI-CFS,1,0.5454545454545454,0.43341899668469974,2.6138128000311553
500,MI,1,0.6,0.328598162746486,0.09467859996948391
500,CMI,1,0.6,0.49784962000289745,0.04797580000013113
500,LASSO,1,0.5,0.01648622112343956,0.3395596999907866
500,Boruta,1,0.888888888888889,0.14360697737141104,20.636724100040738
500,RF,1,0.5714285714285715,0.7157104094590907,1.1490529999719001
500,All-Features,1,0.5,0.01648622112343956,0.005896500020753592
500,QMI-CFS,2,0.7692307692307693,0.28655327853439827,2.61857809999492
500,MI,2,0.6,1.0400788378515236,0.08667819999391213
500,CMI,2,0.8000000000000002,0.7042822469607919,0.058999700006097555
500,LASSO,2,0.5,0.28990017836022597,0.3561254000524059
500,Boruta,2,1.0,0.36598969487947297,25.5963946999982
500,RF,2,0.5714285714285715,1.2547784479021282,1.228184700012207
500,All-Features,2,0.5,0.28990017836022597,0.003720899985637516
500,QMI-CFS,3,0.7142857142857143,0.20272695395968165,2.631421500002034
500,MI,3,0.8000000000000002,0.35936895900984167,0.07795240002451465
500,CMI,3,0.6,0.66502971340697,0.052741500025149435
500,LASSO,3,0.5555555555555556,0.09478642287325778,0.34486389998346567
500,Boruta,3,1.0,0.01877729560946806,23.99006989999907
500,RF,3,0.5714285714285715,0.9947766278279615,1.3085615999880247
500,All-Features,3,0.5,0.10768062265719935,0.005875899980310351
500,QMI-CFS,4,0.9090909090909091,0.029967438832968707,2.628216799988877
500,MI,4,0.8000000000000002,0.3605977774538518,0.07904759998200461
500,CMI,4,0.6,0.5890760094990948,0.056064600008539855
500,LASSO,4,0.5,0.03844801372227158,0.35328039998421445
500,Boruta,4,1.0,0.044426248374238586,25.35650509997504
500,RF,4,0.5714285714285715,0.7999712393451226,1.151461500034202
500,All-Features,4,0.5,0.03844801372227158,0.0031618999782949686
500,QMI-CFS,5,0.9090909090909091,0.3188214304658419,2.654357200022787
500,MI,5,0.6,0.5604159183051296,0.08661050000227988
500,CMI,5,0.8000000000000002,0.03216497131839757,0.05249489995185286
500,LASSO,5,0.5263157894736842,0.11941513415012417,0.341137700015679
500,Boruta,5,1.0,0.3458741352982069,25.58905720000621
500,RF,5,0.5714285714285715,0.8200089642231552,1.2168703000061214
500,All-Features,5,0.5,0.11969440174089652,0.00664939999114722
500,QMI-CFS,6,0.7692307692307693,0.09554541804829775,2.631448900036048
500,MI,6,0.20000000000000004,1.450835980766779,0.07495159999234602
500,CMI,6,0.8000000000000002,0.20816644501300585,0.05128129996592179
500,LASSO,6,0.5,0.10199466478951136,0.3617668999941088
500,Boruta,6,0.9090909090909091,0.09696650602370793,15.416865700040944
500,RF,6,0.5714285714285715,0.7931995847384226,1.1738392999977805
500,All-Features,6,0.5,0.10199466478951136,0.005767199967522174
500,QMI-CFS,7,0.4000000000000001,0.813346369192375,2.619402199983597
500,MI,7,0.6,0.4723786864010746,0.07434649998322129
500,CMI,7,0.8000000000000002,0.2467777360606198,0.05005570000503212
500,LASSO,7,0.5,0.12324782192199302,0.34211269998922944
500,Boruta,7,1.0,0.01934052507030337,15.91566540003987
500,RF,7,0.5714285714285715,0.7507150533723261,1.1533406000235118
500,All-Features,7,0.5,0.12324782192199302,0.003182100015692413
500,QMI-CFS,8,0.9090909090909091,0.22103125145627978,2.624813499976881
500,MI,8,0.8000000000000002,0.5645965658144276,0.07518480002181605
500,CMI,8,0.4000000000000001,1.16194616100019,0.05787550000241026
500,LASSO,8,0.5,0.12150043173652447,0.35261459997855127
500,Boruta,8,0.9090909090909091,0.22103125145627978,25.465426500013564
500,RF,8,0.5714285714285715,1.109744356886214,1.1630423999740742
500,All-Features,8,0.5,0.12150043173652447,0.005607299972325563
500,QMI-CFS,9,0.8333333333333333,0.022177070783473862,2.633307699987199
500,MI,9,0.6,0.7307581220470363,0.08667460002470762
500,CMI,9,0.8000000000000002,0.36894209135980427,0.05375399999320507
500,LASSO,9,0.5,0.013871815585904557,0.34011350001674145
500,Boruta,9,0.9090909090909091,0.05155072909810188,27.515305100008845
500,RF,9,0.5714285714285715,0.974985485729599,1.2012802999815904
500,All-Features,9,0.5,0.013871815585904557,0.003756999969482422
500,QMI-CFS,10,0.6666666666666666,0.19343958551616858,2.622096099948976
500,MI,10,0.6,0.7577675656362124,0.07890729996142909
500,CMI,10,0.8000000000000002,0.2717356701204139,0.0616749000037089
500,LASSO,10,0.5,0.11547864220606052,0.33444939996115863
500,Boruta,10,0.9090909090909091,0.05356724240034483,14.863990999991074
500,RF,10,0.5714285714285715,0.8538652478628266,1.2670887000276707
500,All-Features,10,0.5,0.11547864220606052,0.0032396999886259437
500,QMI-CFS,11,0.7692307692307693,0.14725834415942107,2.626556100032758
500,MI,11,0.8000000000000002,0.26932491646737056,0.07426839997060597
500,CMI,11,0.8000000000000002,0.34474223178633645,0.05236699996748939
500,LASSO,11,0.5263157894736842,0.037182649341143126,0.3616110000293702
500,Boruta,11,0.9090909090909091,0.1503223851285016,25.82464369997615
500,RF,11,0.5714285714285715,0.6592497507045656,1.1568575000273995
500,All-Features,11,0.5,0.03891413042855829,0.00432319997344166
500,QMI-CFS,12,0.7272727272727272,0.27654843810521035,2.6628426000243053
500,MI,12,0.6,0.6983780790662268,0.08228390000294894
500,CMI,12,0.8000000000000002,0.40313075916009167,0.05441079998854548
500,LASSO,12,0.5,0.07180101612753509,0.3526589999673888
500,Boruta,12,1.0,0.05127852681404699,25.043817599944305
500,RF,12,0.5714285714285715,0.8556434997576727,1.2039772000280209
500,All-Features,12,0.5,0.07180101612753509,0.005355599976610392
500,QMI-CFS,13,0.9090909090909091,0.07296947035938328,2.6566477000014856
500,MI,13,0.6,0.6155871284864789,0.08047410001745448
500,CMI,13,0.8000000000000002,0.3359827394927124,0.05960540001979098
500,LASSO,13,0.5263157894736842,0.050966117179493065,0.35422390000894666
500,Boruta,13,1.0,0.0751503223213601,14.760314999963157
500,RF,13,0.5714285714285715,0.941901309159447,1.1759858999866992
500,All-Features,13,0.5,0.05396914511155604,0.006394899974111468
500,QMI-CFS,14,0.8333333333333333,0.05693504671980598,2.6352177999797277
500,MI,14,0.8000000000000002,0.47014124827396664,0.0928078000433743
500,CMI,14,0.8000000000000002,0.39499611663041767,0.06800339999608696
500,LASSO,14,0.5,0.05160484571663515,0.32814400002826005
500,Boruta,14,1.0,0.09656779341822919,25.556999000022188
500,RF,14,0.5714285714285715,1.0114827899788543,1.2046736999764107
500,All-Features,14,0.5,0.05160484571663515,0.005232400028035045
500,QMI-CFS,15,0.7272727272727272,0.20945661581463426,2.6371035000192933
500,MI,15,0.6,0.6420837890261195,0.07855860004201531
500,CMI,15,0.6,0.5114547313028144,0.05943630001274869
500,LASSO,15,0.5,0.027427827243323488,0.33431730000302196
500,Boruta,15,0.888888888888889,0.18301135528961998,24.291604899975937
500,RF,15,0.5714285714285715,0.7249532424488909,1.137618199980352
500,All-Features,15,0.5,0.027427827243323488,0.005221300001721829
500,QMI-CFS,16,0.7692307692307693,0.33114102734336237,2.641216700023506
500,MI,16,0.4000000000000001,1.1725445857914938,0.08922359999269247
500,CMI,16,0.4000000000000001,1.0430391522213984,0.060122599999886006
500,LASSO,16,0.5,0.2591282649870017,0.33452809997834265
500,Boruta,16,1.0,0.15422301679629902,19.76598590001231
500,RF,16,0.5714285714285715,1.0526430718833089,1.1347223999910057
500,All-Features,16,0.5,0.2591282649870017,0.004290200013201684
500,QMI-CFS,17,0.7692307692307693,0.08596245474983388,2.629430799977854
500,MI,17,0.8000000000000002,0.3709508189800945,0.07514269999228418
500,CMI,17,0.6,0.7343595434702741,0.06161239999346435
500,LASSO,17,0.5263157894736842,0.12283005275058456,0.3495621000183746
500,Boruta,17,0.9090909090909091,0.11311526940877714,20.426592500007246
500,RF,17,0.5714285714285715,0.9238084200869818,1.1555627000052482
500,All-Features,17,0.5,0.12695996477513338,0.005647399986628443
500,QMI-CFS,18,0.9090909090909091,0.07274279969175756,2.638311199960299
500,MI,18,0.6,0.7180807874116981,0.07908590004080907
500,CMI,18,0.8000000000000002,0.42887274846950074,0.05110040004365146
500,LASSO,18,0.5,0.02752204335999897,0.3507942000287585
500,Boruta,18,1.0,0.049074478613793104,22.401213100005407
500,RF,18,0.5714285714285715,0.9714102636453892,1.208828100003302
500,All-Features,18,0.5,0.02752204335999897,0.006550899997819215
500,QMI-CFS,19,0.7692307692307693,0.19988226033832612,2.61028120003175
500,MI,19,0.20000000000000004,1.3633229380911747,0.08463090000441298
500,CMI,19,0.6,0.9012470966742052,0.04992710001533851
500,LASSO,19,0.5,0.15335291546179208,0.33978530002059415
500,Boruta,19,0.9090909090909091,0.1270772010328729,14.145791799994186
500,RF,19,0.5714285714285715,1.0706299295392627,1.1896775999921374
500,All-Features,19,0.5,0.15335291546179208,0.006288199976552278
500,QMI-CFS,20,0.6666666666666666,0.2105138341954711,2.6224818999762647
500,MI,20,0.6,0.6806799686268978,0.0851492999936454
500,CMI,20,0.8000000000000002,0.3521858244865972,0.05091420002281666
500,LASSO,20,0.5263157894736842,0.04043349747371794,0.3535710000433028
500,Boruta,20,0.888888888888889,0.13894065206916073,25.547680099960417
500,RF,20,0.5714285714285715,0.6903596866064898,1.2316646000253968
500,All-Features,20,0.5,0.04558603765890101,0.0056705999886617064
500,QMI-CFS,21,0.7692307692307693,0.036635833083162206,2.672880400030408
500,MI,21,0.6,0.7801557523794616,0.08332919998792931
500,CMI,21,0.6,0.7001396207952859,0.04905189998680726
500,LASSO,21,0.5263157894736842,0.06652408553149947,0.35497649997705594
500,Boruta,21,0.9090909090909091,0.15289818002856004,16.550597900000867
500,RF,21,0.5714285714285715,0.7316025617695443,1.206302999984473
500,All-Features,21,0.5,0.07619893161961944,0.003990400000475347
500,QMI-CFS,22,0.7692307692307693,0.061302931458615983,2.6138417000183836
500,MI,22,0.8000000000000002,0.2571376865133854,0.07496429997263476
500,CMI,22,0.6,0.5748965061314157,0.05076870002085343
500,LASSO,22,0.5263157894736842,0.007565333261152052,0.33815349999349564
500,Boruta,22,1.0,0.11753499588686145,7.149047099985182
500,RF,22,0.5714285714285715,0.8646915767434336,1.1725626999977976
500,All-Features,22,0.5,0.003294810113202651,0.006123600003775209
500,QMI-CFS,23,0.9090909090909091,0.07134336772951544,2.6113465999951586
500,MI,23,0.8000000000000002,0.48883162085172627,0.07604820001870394
500,CMI,23,0.8000000000000002,0.3980418624537543,0.05322520004119724
500,LASSO,23,0.5263157894736842,0.08565220055763634,0.3454727999633178
500,Boruta,23,1.0,0.03044337467329572,11.335932400019374
500,RF,23,0.5714285714285715,1.0496554711501926,1.1438836999586783
500,All-Features,23,0.5,0.0981363985217758,0.006048899958841503
500,QMI-CFS,24,0.8333333333333333,0.05410436493826776,2.628150000004098
500,MI,24,0.6,0.46031267003606713,0.08725019998382777
500,CMI,24,0.8000000000000002,0.13222348829149277,0.06341660005273297
500,LASSO,24,0.5,0.028644153530954286,0.36274030001368374
500,Boruta,24,1.0,0.0610201893535558,14.906302199990023
500,RF,24,0.5714285714285715,0.6205066654404159,1.139779000019189
500,All-Features,24,0.5,0.028644153530954286,0.005815200041979551
500,QMI-CFS,25,0.7692307692307693,0.002926029053393897,2.6222546999924816
500,MI,25,0.8000000000000002,0.2893499596461986,0.07836990000214428
500,CMI,25,0.6,0.5933719604062371,0.05467600002884865
500,LASSO,25,0.5,0.018035462929123725,0.33629050001036376
500,Boruta,25,1.0,0.046158339859003306,9.474595399980899
500,RF,25,0.5714285714285715,0.8344876893755457,1.1645363999996334
500,All-Features,25,0.5,0.018035462929123725,0.004716800001915544
500,QMI-CFS,26,0.7692307692307693,0.009860071741498277,2.6173635999439284
500,MI,26,0.6,0.5959015840950279,0.07846500002779067
500,CMI,26,0.8000000000000002,0.3393570927735001,0.05163110001012683
500,LASSO,26,0.5263157894736842,0.021045818609100042,0.3432137999916449
500,Boruta,26,0.9090909090909091,0.030728375885460624,15.305068199988455
500,RF,26,0.5714285714285715,0.827226039345831,1.2305108000291511
500,All-Features,26,0.5,0.014593691666815012,0.0036339000216685236
500,QMI-CFS,27,0.6666666666666666,0.12339764218525096,2.599097999976948
500,MI,27,0.4000000000000001,0.6108428064396461,0.0889603000250645
500,CMI,27,0.8000000000000002,0.12494875301375563,0.0555379000143148
500,LASSO,27,0.5,0.09236233320245502,0.34613349998835474
500,Boruta,27,1.0,0.19077525272680051,12.17625889996998
500,RF,27,0.5714285714285715,0.5956325668775344,1.1884821000276133
500,All-Features,27,0.5,0.09236233320245502,0.004148099978920072
500,QMI-CFS,28,0.6666666666666666,0.3033379857247902,2.709850999992341
500,MI,28,0.6,0.5283170492806777,0.09052600001450628
500,CMI,28,0.6,0.8355255745667631,0.06225700001232326
500,LASSO,28,0.5,0.15504699398650956,0.34654840000439435
500,Boruta,28,0.8333333333333333,0.011412280161260835,25.989322100009304
500,RF,28,0.5714285714285715,0.8116788933996677,1.139098399959039
500,All-Features,28,0.5,0.15504699398650956,0.0060615999973379076
500,QMI-CFS,29,0.6666666666666666,0.435113867591189,2.7594318999908864
500,MI,29,0.6,0.704865670383358,0.08662479999475181
500,CMI,29,0.6,0.8183656547332792,0.05104309995658696
500,LASSO,29,0.5,0.06394018541330926,0.33931810001377016
500,Boruta,29,0.8333333333333333,0.0890681559121842,20.718832599988673
500,RF,29,0.5714285714285715,1.0182460198647378,1.150056900049094
500,All-Features,29,0.5,0.06394018541330926,0.00618419999955222
500,QMI-CFS,30,0.8333333333333333,0.12262054615726092,2.6284197999630123
500,MI,30,0.8000000000000002,0.28201415402621377,0.0918585000326857
500,CMI,30,0.8000000000000002,0.3013671172407957,0.05477089999476448
500,LASSO,30,0.5,0.049472012040389535,0.32807069999398664
500,Boruta,30,0.9090909090909091,0.11798091397601707,15.676055999996606
500,RF,30,0.5714285714285715,0.9626399381505872,1.1545392000116408
500,All-Features,30,0.5,0.049472012040389535,0.0061576999723911285
500,QMI-CFS,31,0.7692307692307693,0.04537991502580363,2.6418774999910966
500,MI,31,0.4000000000000001,0.9323507952821726,0.07561159995384514
500,CMI,31,0.4000000000000001,0.9426584102076885,0.05245039996225387
500,LASSO,31,0.5,0.036466526840594815,0.3484382000169717
500,Boruta,31,0.8333333333333333,0.015625136528012007,5.440343499998562
500,RF,31,0.5714285714285715,0.8351547876695058,1.142438700015191
500,All-Features,31,0.5,0.036466526840594815,0.005654699984006584
500,QMI-CFS,32,0.7692307692307693,0.23889848267110958,2.66330310003832
500,MI,32,0.4000000000000001,1.2119209096322825,0.07616090000374243
500,CMI,32,0.6,0.807882429982218,0.049376700015272945
500,LASSO,32,0.5,0.13889301214990057,0.3344578000251204
500,Boruta,32,0.9090909090909091,0.25096328641009213,26.467243999999482
500,RF,32,0.5714285714285715,1.1566597795486229,1.1729939000215381
500,All-Features,32,0.5,0.13889301214990057,0.0055908000213094056
500,QMI-CFS,33,0.7692307692307693,0.06234882963017485,2.6436097999685444
500,MI,33,0.20000000000000004,1.0499574201214759,0.07718849997036159
500,CMI,33,0.4000000000000001,0.8438037492797683,0.06275439995806664
500,LASSO,33,0.5,0.046531670103347134,0.3489899999694899
500,Boruta,33,0.9090909090909091,0.0815440180354654,5.522287700034212
500,RF,33,0.5714285714285715,0.7787687764216944,1.1562269000569358
500,All-Features,33,0.5,0.046531670103347134,0.0037320000119507313
500,QMI-CFS,34,0.7692307692307693,0.1296690760738506,2.619607500033453
500,MI,34,0.6,0.5232510657671474,0.08716819999972358
500,CMI,34,0.8000000000000002,0.40141534831845815,0.05364159995224327
500,LASSO,34,0.5,0.028807646006919096,0.34799959999509156
500,Boruta,34,0.9090909090909091,0.1411455523434999,15.097718000004534
500,RF,34,0.5714285714285715,0.9557102767944978,1.1578221999807283
500,All-Features,34,0.5,0.028807646006919096,0.006625499983783811
500,QMI-CFS,35,0.7272727272727272,0.5197340695765731,2.611103000002913
500,MI,35,0.6,1.0091429888689225,0.08216529997298494
500,CMI,35,0.8000000000000002,0.5989255368409903,0.05334629997378215
500,LASSO,35,0.5,0.1892125074573512,0.33585189998848364
500,Boruta,35,0.9090909090909091,0.04597747305113842,26.002554000006057
500,RF,35,0.5714285714285715,1.0253473891508391,1.1616220999858342
500,All-Features,35,0.5,0.1892125074573512,0.006210999970789999
500,QMI-CFS,36,0.6666666666666666,0.2596940078975547,2.648135999974329
500,MI,36,0.4000000000000001,0.6953038764440533,0.08251510001718998
500,CMI,36,0.6,0.6318275191780738,0.055758100003004074
500,LASSO,36,0.5555555555555556,0.10592339515883653,0.34449689998291433
500,Boruta,36,0.9090909090909091,0.017791011704786808,15.862660799990408
500,RF,36,0.5714285714285715,0.6647911864791731,1.1861083999974653
500,All-Features,36,0.5,0.10168664185585641,0.005841200007125735
500,QMI-CFS,37,0.7692307692307693,0.017805780672958793,2.6329522999585606
500,MI,37,0.6,0.5532100871832908,0.07729960000142455
500,CMI,37,0.6,0.5907013093707913,0.05162679997738451
500,LASSO,37,0.5,0.034192205956054655,0.3580970999901183
500,Boruta,37,0.8000000000000002,0.11937467752511566,15.31213849998312
500,RF,37,0.5714285714285715,0.7465403590041335,1.2139046000083908
500,All-Features,37,0.5,0.034192205956054655,0.005871900008060038
500,QMI-CFS,38,0.8333333333333333,0.2855197556946618,2.6148586999624968
500,MI,38,0.20000000000000004,1.218252079393205,0.07674719998613
500,CMI,38,0.8000000000000002,0.08910653813373992,0.05498239997541532
500,LASSO,38,0.5263157894736842,0.1857580000015009,0.3503188999602571
500,Boruta,38,1.0,0.21786555139697605,25.520964800030924
500,RF,38,0.5714285714285715,0.8056508170934915,1.1635128000052646
500,All-Features,38,0.5,0.18442165415942635,0.005918000009842217
500,QMI-CFS,39,0.7692307692307693,0.1031013449929139,2.6265985000063665
500,MI,39,0.8000000000000002,0.3265238454001147,0.07376599998679012
500,CMI,39,1.0,0.041353919255727956,0.05453690001741052
500,LASSO,39,0.5,0.009839352630138354,0.36474480002652854
500,Boruta,39,1.0,0.041353919255727956,22.107849299965892
500,RF,39,0.5714285714285715,0.9699231064584839,1.2357920000213198
500,All-Features,39,0.5,0.009839352630138354,0.005538600031286478
500,QMI-CFS,40,0.9090909090909091,0.0751358410938836,2.6261005999986082
500,MI,40,0.6,0.7102341260539089,0.08093699999153614
500,CMI,40,0.6,0.9077068605552387,0.05426120001357049
500,LASSO,40,0.5,0.08293303008577646,0.34026949998224154
500,Boruta,40,1.0,0.07094538792484761,15.475457200023811
500,RF,40,0.5714285714285715,1.0016714979647903,1.2716280000167899
500,All-Features,40,0.5,0.08293303008577646,0.0059846999938599765
500,QMI-CFS,41,0.8333333333333333,0.21741777559844366,2.6241370999487117
500,MI,41,0.6,0.42178086492071776,0.07451439998112619
500,CMI,41,0.8000000000000002,0.06885347710697909,0.05018309998558834
500,LASSO,41,0.5882352941176471,0.09525568013019803,0.3568801999790594
500,Boruta,41,1.0,0.2723388306809247,18.51293440000154
500,RF,41,0.5714285714285715,0.601157472811753,1.1952684000134468
500,All-Features,41,0.5,0.07603891356548753,0.005256899981759489
500,QMI-CFS,42,0.6666666666666666,0.13847677955377735,2.601405299967155
500,MI,42,0.4000000000000001,0.734226559348298,0.09266859997296706
500,CMI,42,0.8000000000000002,0.13239787106411605,0.0568844000226818
500,LASSO,42,0.5263157894736842,0.05207905340690777,0.3307325000059791
500,Boruta,42,1.0,0.26281830046156207,25.875563899986446
500,RF,42,0.5714285714285715,0.6437832536348678,1.1803194000385702
500,All-Features,42,0.5,0.055570321575082016,0.0038853000150993466
500,QMI-CFS,43,0.7272727272727272,0.3416345853655578,2.630461899971124
500,MI,43,0.4000000000000001,0.9154664015471861,0.07701280002947897
500,CMI,43,0.4000000000000001,0.9170402357702065,0.0638160000089556
500,LASSO,43,0.5,0.02980904921762595,0.3526393999927677
500,Boruta,43,1.0,0.1058486725542509,16.36356580001302
500,RF,43,0.5714285714285715,0.8425990695424246,1.1892524000140838
500,All-Features,43,0.5,0.02980904921762595,0.0055114999995566905
500,QMI-CFS,44,0.8333333333333333,0.05627107405966103,2.6341409999877214
500,MI,44,0.8000000000000002,0.4216004950861372,0.08504730003187433
500,CMI,44,0.6,0.8720648067038872,0.052082100010011345
500,LASSO,44,0.5882352941176471,0.006707950015237163,0.3451925999834202
500,Boruta,44,1.0,0.07022894158113013,21.252040300052613
500,RF,44,0.5714285714285715,0.9398284464817586,1.1376394999679178
500,All-Features,44,0.5,0.0032679870201572925,0.005259900004602969
500,QMI-CFS,45,1.0,0.054977835915993145,2.630960199981928
500,MI,45,0.6,0.4818188474342189,0.07817780005279928
500,CMI,45,0.6,0.4818188474342189,0.05269729997962713
500,LASSO,45,0.5263157894736842,0.004796448068016712,0.3433348000398837
500,Boruta,45,1.0,0.054977835915993145,18.359688800002914
500,RF,45,0.5714285714285715,0.6968694220407343,1.1684761999640614
500,All-Features,45,0.5,0.004064346844935729,0.0049712000181898475
500,QMI-CFS,46,0.7692307692307693,0.2391289042544491,2.6061683000298217
500,MI,46,0.6,0.5002733177230603,0.07620630000019446
500,CMI,46,0.6,0.5928144502578503,0.05018600000767037
500,LASSO,46,0.5,0.1281936056023001,0.3318411000072956
500,Boruta,46,1.0,0.24297648484304823,7.491643599991221
500,RF,46,0.5714285714285715,0.8907025653281573,1.1587058999575675
500,All-Features,46,0.5,0.1281936056023001,0.004805799981113523
500,QMI-CFS,47,0.7692307692307693,0.04190422357571988,2.610056400008034
500,MI,47,0.6,0.4384319451189813,0.07457490003434941
500,CMI,47,0.8000000000000002,0.21949524012257537,0.04964729998027906
500,LASSO,47,0.5,0.10651404792757946,0.33383350004442036
500,Boruta,47,0.9090909090909091,0.056907302553041994,16.847731099987868
500,RF,47,0.5714285714285715,0.7841134288908718,1.1920054000220262
500,All-Features,47,0.5,0.10651404792757946,0.006041499960701913
500,QMI-CFS,48,0.9090909090909091,0.10912581338938399,2.6278016999713145
500,MI,48,0.6,0.5658784618025829,0.0837716999812983
500,CMI,48,0.6,0.5684245832770061,0.055332700023427606
500,LASSO,48,0.5263157894736842,0.060500516473380284,0.336565499950666
500,Boruta,48,1.0,0.1174717393150917,15.952504599990789
500,RF,48,0.5714285714285715,0.9255576547457256,1.1395202999701723
500,All-Features,48,0.5,0.0542343264271441,0.005694499996025115
500,QMI-CFS,49,0.7692307692307693,0.1388802067634578,2.626552300003823
500,MI,49,0.4000000000000001,1.0229998797724091,0.07668240001657978
500,CMI,49,0.8000000000000002,0.5714606141310021,0.061342199973296374
500,LASSO,49,0.5,0.036436312564766205,0.34307770000305027
500,Boruta,49,0.8333333333333333,0.16385673921820132,14.605952700017951
500,RF,49,0.5714285714285715,1.1783270543780584,1.1878937999717891
500,All-Features,49,0.5,0.036436312564766205,0.006526999990455806
1000,QMI-CFS,0,0.7692307692307693,0.0815694240157292,3.2035393999540247
1000,MI,0,0.6,0.4557494049965727,0.1420514999772422
1000,CMI,0,0.8000000000000002,0.23059121040166053,0.09997580002527684
1000,LASSO,0,0.5,0.13216189157492853,0.5241478000534698
1000,Boruta,0,0.9090909090909091,0.09036711864976588,29.318635199975688
1000,RF,0,0.5714285714285715,0.6692032111490289,1.3594035999849439
1000,All-Features,0,0.5,0.13216189157492853,0.006678699981421232
1000,QMI-CFS,1,0.7692307692307693,0.05076006303005931,3.2449609999894165
1000,MI,1,0.8000000000000002,0.4874221833248309,0.12502899998798966
1000,CMI,1,0.8000000000000002,0.46133978362966266,0.0875518000102602
1000,LASSO,1,0.5,0.04411505047616204,0.5081146999727935
1000,Boruta,1,0.8333333333333333,0.048621241415998995,7.921531200001482
1000,RF,1,0.5714285714285715,1.0755610674521319,1.380010399967432
1000,All-Features,1,0.5,0.04411505047616204,0.006681400001980364
1000,QMI-CFS,2,0.7692307692307693,0.16965786682197703,3.201732399989851
1000,MI,2,1.0,0.18870253156597383,0.13327990000834689
1000,CMI,2,0.8000000000000002,0.2214382220592377,0.12005640001734719
1000,LASSO,2,0.5,0.15022698765956521,0.5079840999678709
1000,Boruta,2,1.0,0.18870253156597383,29.947707800019998
1000,RF,2,0.5714285714285715,0.8180518737330522,1.3407769000041299
1000,All-Features,2,0.5,0.15022698765956521,0.005463699984829873
1000,QMI-CFS,3,0.7692307692307693,0.04863771801391725,3.2428744000499137
1000,MI,3,0.8000000000000002,0.26525470157780084,0.13267260004067793
1000,CMI,3,1.0,0.05735216117820752,0.0840681999688968
1000,LASSO,3,0.5555555555555556,0.02555967344540533,0.5137190999812447
1000,Boruta,3,1.0,0.05735216117820752,9.157048200024292
1000,RF,3,0.5714285714285715,0.9384419616343656,1.4177395000006072
1000,All-Features,3,0.5,0.025607690778208125,0.0053023999789729714
1000,QMI-CFS,4,0.7692307692307693,0.15968571589768454,3.191886999993585
1000,MI,4,0.6,0.6186050996711119,0.12582840002141893
1000,CMI,4,0.8000000000000002,0.22659811396814122,0.09404410002753139
1000,LASSO,4,0.5,0.10144064929963048,0.5102473000297323
1000,Boruta,4,0.9090909090909091,0.1803449421338983,8.251267499988899
1000,RF,4,0.5714285714285715,0.8453086588794232,1.309697300021071
1000,All-Features,4,0.5,0.10144064929963048,0.00865570001769811
1000,QMI-CFS,5,0.7692307692307693,0.1106347105685428,3.2042097999947146
1000,MI,5,0.8000000000000002,0.4979959033411405,0.12514869996812195
1000,CMI,5,0.4000000000000001,1.1519347623818432,0.09537910000653937
1000,LASSO,5,0.5,0.10527708266322167,0.5112967999884859
1000,Boruta,5,1.0,0.08371006305606343,18.4109671000042
1000,RF,5,0.5714285714285715,0.9307791274601533,1.3099259000155143
1000,All-Features,5,0.5,0.10527708266322167,0.005330599960871041
1000,QMI-CFS,6,0.7692307692307693,0.0428088019642523,3.2043870000052266
1000,MI,6,0.6,0.7256519313479992,0.15229330002330244
1000,CMI,6,1.0,0.04312682916571564,0.11026380001567304
1000,LASSO,6,0.5263157894736842,0.05644903708262161,0.5215192000032403
1000,Boruta,6,1.0,0.04312682916571564,6.298724299995229
1000,RF,6,0.5714285714285715,0.8466200536708604,1.317968400020618
1000,All-Features,6,0.5,0.05588762952201698,0.00927790004061535
1000,QMI-CFS,7,0.7692307692307693,0.07263722347752188,3.2388937999494374
1000,MI,7,0.8000000000000002,0.42231589881156983,0.14638459996785969
1000,CMI,7,0.8000000000000002,0.3492305991626026,0.08564850001130253
1000,LASSO,7,0.5,0.0516845032289015,0.5038004000089131
1000,Boruta,7,1.0,0.015574263513943087,29.935328699997626
1000,RF,7,0.5714285714285715,0.952075733240553,1.3395659999805503
1000,All-Features,7,0.5,0.0516845032289015,0.008558200031984597
1000,QMI-CFS,8,0.7692307692307693,0.13080034799110063,3.193959600001108
1000,MI,8,0.6,0.7185209521322857,0.13286549999611452
1000,CMI,8,0.8000000000000002,0.2882857191333277,0.10362330003408715
1000,LASSO,8,0.5,0.036636112367586016,0.5182596000377089
1000,Boruta,8,1.0,0.12211068084214927,19.917908500006888
1000,RF,8,0.5714285714285715,0.9291832702282252,1.3188717000302859
1000,All-Features,8,0.5,0.036636112367586016,0.006346500013023615
1000,QMI-CFS,9,0.8333333333333333,0.006757745283860528,3.231940899975598
1000,MI,9,0.6,0.6226595286551468,0.1377834000159055
1000,CMI,9,0.8000000000000002,0.2890196562588945,0.09577359998365864
1000,LASSO,9,0.5,0.025110004913047046,0.5082565000047907
1000,Boruta,9,1.0,0.023489014348569537,30.881852000020444
1000,RF,9,0.5714285714285715,0.9272033301123406,1.3655533999553882
1000,All-Features,9,0.5,0.025110004913047046,0.010293999977875501
1000,QMI-CFS,10,0.7692307692307693,0.011197524331269193,3.2343576999846846
1000,MI,10,0.8000000000000002,0.36215980689001714,0.13539129996206611
1000,CMI,10,0.8000000000000002,0.3089076345816282,0.08313440001802519
1000,LASSO,10,0.5,0.07989161648112741,0.5276939999894239
1000,Boruta,10,1.0,0.007115082308028153,6.89040529995691
1000,RF,10,0.5714285714285715,0.9482215713126934,1.2928624000051059
1000,All-Features,10,0.5,0.07989161648112741,0.00798739999299869
1000,QMI-CFS,11,0.7692307692307693,0.0704982371588796,3.264137700025458
1000,MI,11,1.0,0.07909583404257226,0.13287209998816252
1000,CMI,11,0.4000000000000001,0.792001817994596,0.08577209996292368
1000,LASSO,11,0.5,0.006581311623363284,0.5244050999754108
1000,Boruta,11,1.0,0.07909583404257226,4.411258600011934
1000,RF,11,0.5714285714285715,0.680929057355502,1.3530792000237852
1000,All-Features,11,0.5,0.006581311623363284,0.006089799979235977
1000,QMI-CFS,12,0.7692307692307693,0.277877308131115,3.214845299953595
1000,MI,12,0.6,0.8172202987047639,0.1296973999706097
1000,CMI,12,0.8000000000000002,0.6223291323946896,0.09694569994462654
1000,LASSO,12,0.5263157894736842,0.16560497820984654,0.5224724999861792
1000,Boruta,12,0.9090909090909091,0.23879365418820564,23.899190599971917
1000,RF,12,0.5714285714285715,1.1634512441224651,1.361476699996274
1000,All-Features,12,0.5,0.16639422368719003,0.008663800021167845
1000,QMI-CFS,13,0.7692307692307693,0.0714060099698024,3.188716700009536
1000,MI,13,0.8000000000000002,0.43514490477555157,0.13306880003074184
1000,CMI,13,0.8000000000000002,0.37786064489846716,0.09089130000211298
1000,LASSO,13,0.5263157894736842,0.058132568282020625,0.5146440000389703
1000,Boruta,13,0.9090909090909091,0.09193638452429242,19.1101221999852
1000,RF,13,0.5714285714285715,1.0236986388532494,1.3252680000150576
1000,All-Features,13,0.5,0.060833414587177614,0.005441599991172552
1000,QMI-CFS,14,0.7692307692307693,0.08986550607889199,3.196219800040126
1000,MI,14,0.8000000000000002,0.21646442454353654,0.12927949998993427
1000,CMI,14,0.8000000000000002,0.2942789666639287,0.10374580003554001
1000,LASSO,14,0.5,0.05399146486771578,0.5273473000270315
1000,Boruta,14,0.9090909090909091,0.059855879751886665,20.76395550003508
1000,RF,14,0.5714285714285715,0.7932406128437837,1.4027580000110902
1000,All-Features,14,0.5,0.05399146486771578,0.008403100015129894
1000,QMI-CFS,15,0.7692307692307693,0.13399868700671602,3.187022599973716
1000,MI,15,0.6,0.5353069789769278,0.13899090001359582
1000,CMI,15,0.8000000000000002,0.20803472298339276,0.10125499998684973
1000,LASSO,15,0.5,0.07892970289438428,0.5297366000013426
1000,Boruta,15,0.9090909090909091,0.0798505461098602,30.87917109997943
1000,RF,15,0.5714285714285715,0.824750804788315,1.33230349997757
1000,All-Features,15,0.5,0.07892970289438428,0.009492200042586774
1000,QMI-CFS,16,0.8333333333333333,0.0005891845256273953,3.23001200001454
1000,MI,16,0.8000000000000002,0.32488557839159515,0.12614900001790375
1000,CMI,16,0.8000000000000002,0.29846993069022565,0.09925259998999536
1000,LASSO,16,0.5,0.06597013986674405,0.528157300024759
1000,Boruta,16,1.0,0.013559038863280914,5.672629899985623
1000,RF,16,0.5714285714285715,0.7970706205305635,1.3467170000076294
1000,All-Features,16,0.5,0.06597013986674405,0.007329799991566688
1000,QMI-CFS,17,0.7692307692307693,0.07849732942522913,3.1827931000152603
1000,MI,17,0.4000000000000001,0.8388008942568406,0.1280982000171207
1000,CMI,17,0.8000000000000002,0.2660016692122471,0.09398219996364787
1000,LASSO,17,0.5555555555555556,0.07608945541986523,0.5110265999683179
1000,Boruta,17,1.0,0.08173884269436948,6.414812400005758
1000,RF,17,0.5714285714285715,0.8554275083922156,1.3635647999471985
1000,All-Features,17,0.5,0.07115000826519657,0.009206999966409057
1000,QMI-CFS,18,0.7692307692307693,0.12724199343032705,3.2043498000130057
1000,MI,18,0.8000000000000002,0.5108453463485141,0.13598419999470934
1000,CMI,18,1.0,0.13886716955649803,0.08519030001480132
1000,LASSO,18,0.5263157894736842,0.005921722718574385,0.5124117999803275
1000,Boruta,18,1.0,0.13886716955649803,19.26326340000378
1000,RF,18,0.5714285714285715,1.012906724240414,1.3433990000048652
1000,All-Features,18,0.5,0.005600973709828372,0.008664199966005981
1000,QMI-CFS,19,0.7692307692307693,0.004714295566960569,3.172782899986487
1000,MI,19,0.6,0.6994787288771067,0.13480659999186173
1000,CMI,19,0.6,0.6543348543261089,0.0914541999809444
1000,LASSO,19,0.5,0.03608350255349513,0.5304741999716498
1000,Boruta,19,0.9090909090909091,0.009426930092163666,5.899493600009009
1000,RF,19,0.5714285714285715,0.8431305144737866,1.3231261000037193
1000,All-Features,19,0.5,0.03608350255349513,0.009624300000723451
1000,QMI-CFS,20,0.8333333333333333,0.04904325537119103,3.2185595000046305
1000,MI,20,0.6,0.678098480232157,0.1293112999992445
1000,CMI,20,1.0,0.022758242046064137,0.08790099999168888
1000,LASSO,20,0.5,0.004416442222892281,0.5168888999614865
1000,Boruta,20,0.8333333333333333,0.04904325537119103,19.59553709998727
1000,RF,20,0.5714285714285715,1.0011402956497912,1.3227461999631487
1000,All-Features,20,0.5,0.004416442222892281,0.0059692999930121005
1000,QMI-CFS,21,0.7692307692307693,0.032437241131950234,3.194545599981211
1000,MI,21,0.6,0.6275416498876956,0.12367050000466406
1000,CMI,21,0.8000000000000002,0.43757107502104997,0.09330909996060655
1000,LASSO,21,0.5263157894736842,0.01777323595653213,0.5340958999586292
1000,Boruta,21,0.9090909090909091,0.05042642242847961,19.82856349996291
1000,RF,21,0.5714285714285715,0.8884954184661455,1.461940200009849
1000,All-Features,21,0.5,0.01431972219542832,0.007956599991302937
1000,QMI-CFS,22,0.8333333333333333,0.12047453735544034,3.20774209999945
1000,MI,22,0.8000000000000002,0.295563052245281,0.12432300002546981
1000,CMI,22,0.8000000000000002,0.46291974904847777,0.08274459996027872
1000,LASSO,22,0.5,0.01647722846811117,0.5156521000317298
1000,Boruta,22,0.9090909090909091,0.017061085992795766,30.979883200023323
1000,RF,22,0.5714285714285715,0.8832571958595472,1.364041900029406
1000,All-Features,22,0.5,0.01647722846811117,0.009364300000015646
1000,QMI-CFS,23,0.7692307692307693,0.024937114382251657,3.4613826999557205
1000,MI,23,0.6,0.6859103024487259,0.1405642000027001
1000,CMI,23,1.0,0.04704069656750298,0.09076789999380708
1000,LASSO,23,0.5882352941176471,0.017014228793406083,0.524244100030046
1000,Boruta,23,0.9090909090909091,0.010611275857750568,4.657911299960688
1000,RF,23,0.5714285714285715,0.8828685451389631,1.3187577000353485
1000,All-Features,23,0.5,0.021724829436216453,0.010398200014606118
1000,QMI-CFS,24,0.7692307692307693,0.08477385870144571,3.280609200010076
1000,MI,24,0.8000000000000002,0.37851017020890154,0.13053730002138764
1000,CMI,24,1.0,0.08799698844761661,0.08867409999947995
1000,LASSO,24,0.5263157894736842,0.1431086583305352,0.49671620002482086
1000,Boruta,24,1.0,0.08799698844761661,29.480662300018594
1000,RF,24,0.5714285714285715,1.0985901193518819,1.307311899960041
1000,All-Features,24,0.5,0.14543296314070675,0.008918600040487945
1000,QMI-CFS,25,0.7692307692307693,0.01612156549505883,3.2197349999914877
1000,MI,25,0.8000000000000002,0.2950341993580117,0.12972939998144284
1000,CMI,25,1.0,0.02820293054500045,0.0910198999918066
1000,LASSO,25,0.5,0.0025066892374696614,0.5110790000180714
1000,Boruta,25,0.8333333333333333,0.005260066045908562,9.265642900019884
1000,RF,25,0.5714285714285715,1.0628093771097942,1.3237110000336543
1000,All-Features,25,0.5,0.0025066892374696614,0.010039499960839748
1000,QMI-CFS,26,0.8333333333333333,0.05428272400373446,3.2308515000040643
1000,MI,26,1.0,0.03947005135392345,0.13414150004973635
1000,CMI,26,0.8000000000000002,0.504731271597815,0.1056638999725692
1000,LASSO,26,0.5263157894736842,0.01228739353574726,0.5364691999857314
1000,Boruta,26,0.9090909090909091,0.0019250627977949186,6.636832299991511
1000,RF,26,0.5714285714285715,1.0467683448171847,1.3314376000198536
1000,All-Features,26,0.5,0.010698087417194024,0.00806869997177273
1000,QMI-CFS,27,0.7692307692307693,0.07569859269085577,3.3251045000506565
1000,MI,27,0.8000000000000002,0.14133639330288572,0.12642220000270754
1000,CMI,27,0.6,0.4807518822090753,0.09493350004777312
1000,LASSO,27,0.5,0.13104314080647383,0.5127051000017673
1000,Boruta,27,1.0,0.07709349979828617,3.581957800022792
1000,RF,27,0.5714285714285715,0.737051332381037,1.3480161999468692
1000,All-Features,27,0.5,0.13104314080647383,0.005140499968547374
1000,QMI-CFS,28,0.8333333333333333,0.09383575780484166,3.206193300022278
1000,MI,28,0.6,0.48015168054866164,0.14009729999816045
1000,CMI,28,0.6,0.49194970751829015,0.09800620004534721
1000,LASSO,28,0.5,0.08993324025178806,0.5091212000115775
1000,Boruta,28,0.9090909090909091,0.103809178709938,10.893772400042508
1000,RF,28,0.5714285714285715,0.6998104956814428,1.3297541000065394
1000,All-Features,28,0.5,0.08993324025178806,0.006530399958137423
1000,QMI-CFS,29,0.7692307692307693,0.07146880011836299,3.2160039999871515
1000,MI,29,0.6,0.7354059372053068,0.13443009997718036
1000,CMI,29,0.8000000000000002,0.26748679659442853,0.09782930003711954
1000,LASSO,29,0.5,0.1785803411114928,0.509317199990619
1000,Boruta,29,1.0,0.016145168121025177,29.88052669999888
1000,RF,29,0.5714285714285715,0.8720495524941025,1.3325356999994256
1000,All-Features,29,0.5,0.1785803411114928,0.006733599992003292
1000,QMI-CFS,30,0.7692307692307693,0.07643745373541311,3.1763076999923214
1000,MI,30,0.8000000000000002,0.42873317462264815,0.12354499998036772
1000,CMI,30,0.8000000000000002,0.4364165240443283,0.08707399998093024
1000,LASSO,30,0.5,0.03542404701770008,0.4922650000080466
1000,Boruta,30,0.8333333333333333,0.04487299449617277,26.67620019998867
1000,RF,30,0.5714285714285715,0.9245000125775036,1.3449503000010736
1000,All-Features,30,0.5,0.03542404701770008,0.009314399969298393
1000,QMI-CFS,31,0.7692307692307693,0.0477445161196024,3.19460909999907
1000,MI,31,1.0,0.01918296103226802,0.13838629995007068
1000,CMI,31,0.8000000000000002,0.4238391532611967,0.09730610001133755
1000,LASSO,31,0.5,0.03430778834584869,0.5222390000126325
1000,Boruta,31,0.9090909090909091,0.04864655183985267,7.552825899969321
1000,RF,31,0.5714285714285715,1.013941173955899,1.33664419996785
1000,All-Features,31,0.5,0.03430778834584869,0.005078299960587174
1000,QMI-CFS,32,0.7692307692307693,0.050800274908862963,3.2159009000170045
1000,MI,32,0.8000000000000002,0.4244246621365195,0.1358255999512039
1000,CMI,32,1.0,0.049634341188908415,0.09861750004347414
1000,LASSO,32,0.5263157894736842,0.005525411856224682,0.5036698000039905
1000,Boruta,32,0.8333333333333333,0.036767946169384835,32.07929650001461
1000,RF,32,0.5714285714285715,0.9014462452231045,1.2988947000121698
1000,All-Features,32,0.5,0.006802142085648555,0.005720700020901859
1000,QMI-CFS,33,0.7692307692307693,0.04669668407385119,3.1777887999778613
1000,MI,33,0.8000000000000002,0.32616816252994774,0.13202279998222366
1000,CMI,33,0.6,0.8275278548796834,0.09532419999595731
1000,LASSO,33,0.5,0.0012128339555572687,0.5600177000160329
1000,Boruta,33,0.9090909090909091,0.05127230990677889,17.900208699982613
1000,RF,33,0.5714285714285715,0.8695012421500672,1.3906939000007696
1000,All-Features,33,0.5,0.0012128339555572687,0.008866899996064603
1000,QMI-CFS,34,0.8333333333333333,0.03116753528027627,3.182506699988153
1000,MI,34,0.6,0.6521448153538536,0.1251912000006996
1000,CMI,34,0.6,0.6088217379355205,0.09622499998658895
1000,LASSO,34,0.5,0.0051738431772587745,0.5266124000190757
1000,Boruta,34,0.9090909090909091,0.009071801013023073,18.094190099975094
1000,RF,34,0.5714285714285715,0.8360945976977283,1.313044100010302
1000,All-Features,34,0.5,0.0051738431772587745,0.005452200013678521
1000,QMI-CFS,35,0.7692307692307693,0.027899271956425054,3.21406329999445
1000,MI,35,0.4000000000000001,0.9250992961190567,0.13418180000735447
1000,CMI,35,0.8000000000000002,0.3936885902467777,0.09827550000045449
1000,LASSO,35,0.5,0.005376073439007145,0.503970300022047
1000,Boruta,35,0.9090909090909091,0.04735311190363234,8.379159400006756
1000,RF,35,0.5714285714285715,0.9168387162053868,1.3047082999837585
1000,All-Features,35,0.5,0.005376073439007145,0.008045000024139881
1000,QMI-CFS,36,0.8333333333333333,0.1670679892144462,3.21344089997001
1000,MI,36,0.8000000000000002,0.12385539514175692,0.1455104000051506
1000,CMI,36,0.8000000000000002,0.16669109753491895,0.10178199998335913
1000,LASSO,36,0.5,0.16683579682063687,0.6102035000221804
1000,Boruta,36,1.0,0.20143356526814293,11.686385300010443
1000,RF,36,0.5714285714285715,0.6926785627234819,1.3004395000170916
1000,All-Features,36,0.5,0.16683579682063687,0.005455800041090697
1000,QMI-CFS,37,0.8333333333333333,0.06767989026216403,3.232616399996914
1000,MI,37,0.8000000000000002,0.42682050142920813,0.12685409997357056
1000,CMI,37,0.8000000000000002,0.2762991211195054,0.10160960000939667
1000,LASSO,37,0.5263157894736842,0.06860325602980799,0.5044356000144035
1000,Boruta,37,1.0,0.06360544818518266,20.925341200025287
1000,RF,37,0.5714285714285715,0.9984987548786992,1.3475393000408076
1000,All-Features,37,0.5,0.06824494577067197,0.008650899981148541
1000,QMI-CFS,38,0.7692307692307693,0.12249739741170762,3.2648047999828123
1000,MI,38,0.8000000000000002,0.4603133242078359,0.12494529999094084
1000,CMI,38,0.8000000000000002,0.5541804631456029,0.0946735999896191
1000,LASSO,38,0.5,0.06970361776096157,0.612884399946779
1000,Boruta,38,0.9090909090909091,0.12866362450532431,19.490299199998844
1000,RF,38,0.5714285714285715,1.1856664499555873,1.3248364999890327
1000,All-Features,38,0.5,0.06970361776096157,0.009580899961292744
1000,QMI-CFS,39,0.8333333333333333,0.007659117439110741,3.31080140004633
1000,MI,39,0.8000000000000002,0.3367139014314833,0.1338734999881126
1000,CMI,39,1.0,0.02903157562811476,0.11414029996376485
1000,LASSO,39,0.5,0.03719095504003622,0.5370677000028081
1000,Boruta,39,1.0,0.02903157562811476,30.58567919995403
1000,RF,39,0.5714285714285715,0.9327175223702162,1.322447500017006
1000,All-Features,39,0.5,0.03719095504003622,0.010347800038289279
1000,QMI-CFS,40,0.7692307692307693,0.03825793918799891,3.2228353999671526
1000,MI,40,0.6,0.7214801315899129,0.1282571000047028
1000,CMI,40,0.6,0.6795020052019356,0.10959619999630377
1000,LASSO,40,0.5,0.05080923175504992,0.5146484999568202
1000,Boruta,40,1.0,0.07615970454440468,26.50141500000609
1000,RF,40,0.5714285714285715,0.8685024446796752,1.347784000041429
1000,All-Features,40,0.5,0.05080923175504992,0.007836700009647757
1000,QMI-CFS,41,0.7692307692307693,0.01175949661506337,3.2005319999880157
1000,MI,41,0.6,0.7885651618392062,0.1305527000222355
1000,CMI,41,0.8000000000000002,0.40185522022890474,0.10768239997560158
1000,LASSO,41,0.5555555555555556,0.02733259403530086,0.4984592000255361
1000,Boruta,41,0.8333333333333333,0.03490267853585882,20.220103300001938
1000,RF,41,0.5714285714285715,0.9586729609110569,1.3784681999823079
1000,All-Features,41,0.5,0.02305239538616166,0.006465199985541403
1000,QMI-CFS,42,0.8333333333333333,0.07468241514261731,3.3760985999833792
1000,MI,42,0.8000000000000002,0.4077000849820429,0.1335257000173442
1000,CMI,42,1.0,0.09764221315590582,0.10469110001577064
1000,LASSO,42,0.5,0.08754819990289642,0.539716099970974
1000,Boruta,42,0.9090909090909091,0.14288565830363265,22.636685899982695
1000,RF,42,0.5714285714285715,0.9757846184119425,1.352279599988833
1000,All-Features,42,0.5,0.08754819990289642,0.005845300038345158
1000,QMI-CFS,43,0.8333333333333333,0.06794539250389864,3.4356001999694854
1000,MI,43,0.6,0.7723271385273165,0.13110179995419458
1000,CMI,43,1.0,0.08833636621593088,0.09786609996808693
1000,LASSO,43,0.5882352941176471,0.08184386769272356,0.554980400018394
1000,Boruta,43,0.9090909090909091,0.08214998307168386,31.957309799967334
1000,RF,43,0.5714285714285715,1.0514333206796755,1.3571661000023596
1000,All-Features,43,0.5,0.07525862242212011,0.009487900009844452
1000,QMI-CFS,44,0.8333333333333333,0.0320471395038362,3.380380699993111
1000,MI,44,1.0,0.04116455441481337,0.12629919999744743
1000,CMI,44,0.6,0.7641220691697228,0.10187520005274564
1000,LASSO,44,0.5,0.007472230928425638,0.5941980999778025
1000,Boruta,44,1.0,0.04116455441481337,30.06218110001646
1000,RF,44,0.5714285714285715,1.0380633569008895,1.3856325999950059
1000,All-Features,44,0.5,0.007472230928425638,0.009083399956580251
1000,QMI-CFS,45,0.8333333333333333,0.030190941692457285,3.215584799996577
1000,MI,45,0.6,0.6822321305647274,0.17439829994691536
1000,CMI,45,0.6,0.759745245220059,0.09536709997337312
1000,LASSO,45,0.5,0.014985227656918898,0.5199036000412889
1000,Boruta,45,0.9090909090909091,0.017877456603385244,8.629333099990617
1000,RF,45,0.5714285714285715,0.9224662910154353,1.3580401999643072
1000,All-Features,45,0.5,0.014985227656918898,0.009607099986169487
1000,QMI-CFS,46,0.7692307692307693,0.13158227592103877,3.210411700012628
1000,MI,46,0.6,0.6254926069166356,0.12725280004087836
1000,CMI,46,0.8000000000000002,0.2689447819546449,0.09848220000276342
1000,LASSO,46,0.5555555555555556,0.11176539848036571,0.5015779999666847
1000,Boruta,46,0.9090909090909091,0.15742368581942534,7.18824799999129
1000,RF,46,0.5714285714285715,0.8547306343193135,1.3245599999791011
1000,All-Features,46,0.5,0.1127983182765473,0.006948099995497614
1000,QMI-CFS,47,0.7692307692307693,0.007601638715593717,3.170744700008072
1000,MI,47,0.6,0.5442233730992077,0.13593749998835847
1000,CMI,47,0.6,0.774039554475944,0.10159570001997054
1000,LASSO,47,0.5,0.013119788762405715,0.4850455999840051
1000,Boruta,47,0.9090909090909091,0.010121567520094299,4.930414500006009
1000,RF,47,0.5714285714285715,0.9622930301844996,1.3336223000078462
1000,All-Features,47,0.5,0.013119788762405715,0.0065725999884307384
1000,QMI-CFS,48,0.7692307692307693,0.04911540099156797,3.1959543999982998
1000,MI,48,0.6,0.9100804217304752,0.12593460001517087
1000,CMI,48,0.8000000000000002,0.5260073935035141,0.08628019999014214
1000,LASSO,48,0.5,0.011480641026613725,0.5123288999893703
1000,Boruta,48,1.0,0.027632640135066833,18.534901999984868
1000,RF,48,0.5714285714285715,1.0794379027785572,1.381773900007829
1000,All-Features,48,0.5,0.011480641026613725,0.005941100011114031
1000,QMI-CFS,49,0.7692307692307693,0.14454836722484177,3.2462179000140168
1000,MI,49,0.6,0.5745721607438941,0.13498560001607984
1000,CMI,49,0.8000000000000002,0.19263845924696943,0.08522180002182722
1000,LASSO,49,0.5263157894736842,0.04905190761034195,0.521812700026203
1000,Boruta,49,1.0,0.10850816740068181,18.525153499969747
1000,RF,49,0.5714285714285715,0.6084063779510869,1.3069768999703228
1000,All-Features,49,0.5,0.047162183510115474,0.005075499997474253
